id,status,score,draft_path,research_path,qa_path,title,slug,long_tail,topic_hints,cluster,is_pillar,keyword_category,keyword_modifiers,subtitle,main_keyword,extended_keywords,keyword_role,search_intent,unique_angle,structure_type_candidate,primary_reader_situation,decision_criterion,ending_cta_direction,internal_link_targets,reader_job,decision_moment,answer_claim,evidence_plan,non_overlap_claim,not_answered_here,structure_reason,separate_reason,serp_gap,information_gain,source_interpretation,article_specific_detail,intro_frame,section_sequence,faq_plan,visual_plan
"a001","done","99","output/wonon/batch-30/drafts/a001-family-blood-pressure-context.mdx","output/wonon/batch-30/research/a001-family-blood-pressure-context.json","output/wonon/batch-30/qa/a001.json","가정혈압이 높게 나온 첫 주: 가족력과 측정 조건을 한 장에 정리하는 법","family-blood-pressure-context","가정혈압이 높게 나온 첫 주: 가족력과 측정 조건을 한 장에 정리하는 법 중년 여성 건강","심혈관·대사","심혈관·대사","false","심혈관·대사","최근 집 혈압이 평소보다 높아 가족력까지 걱정되는 독자","아침·저녁 측정값, 팔 위치·휴식 여부, 카페인·통증·복용약, 직계 가족의 진단 시기를 칸으로 나눈 7일 혈압 맥락 카드.","가정혈압이 높게 나온 첫 주: 가족력과 측정 조건을 한 장에 정리하는 법","아침·저녁 측정값, 팔 위치·휴식 여부, 카페인·통증·복용약, 직계 가족의 진단 시기를 칸으로 나눈 7일 혈압 맥락 카드.","측정 전 조건 점검 → 7일 기록표 작성 → 가족력 사실 구분 → 빠른 평가 신호 → 진료실 질문","집에서 잰 혈압이 며칠 높아져 가족력까지 떠올랐지만, 진료 전에 무엇을 적어야 할지 모르는 독자.","아침·저녁 측정값, 팔 위치·휴식 여부, 카페인·통증·복용약, 직계 가족의 진단 시기를 칸으로 나눈 7일 혈압 맥락 카드.","측정 전 조건 점검 → 7일 기록표 작성 → 가족력 사실 구분 → 빠른 평가 신호 → 진료실 질문","집에서 잰 혈압이 며칠 높아져 가족력까지 떠올랐지만, 진료 전에 무엇을 적어야 할지 모르는 독자.","기존 혈압·운동·심장 글과 달리 이 글의 결과물은 ‘측정 조건과 가족력’이 붙은 7일 카드다. 고혈압 진단, 약 시작·변경, 개인 목표 수치는 답하지 않는다.","오늘 한 번의 수치를 해석하려 하지 말고, 다음 측정부터 조건 한 줄과 함께 7일 카드에 적어 보세요.","","아침·저녁 측정값, 팔 위치·휴식 여부, 카페인·통증·복용약, 직계 가족의 진단 시기를 칸으로 나눈 7일 혈압 맥락 카드.","숫자 하나가 놀라게 했더라도 첫 주에는 결론보다 맥락이 필요합니다. 이 글은 측정 조건과 가족력을 섞지 않고 적어 진료 대화를 준비하는 방법을 다룹니다.","기존 혈압·운동·심장 글과 달리 이 글의 결과물은 ‘측정 조건과 가족력’이 붙은 7일 카드다. 고혈압 진단, 약 시작·변경, 개인 목표 수치는 답하지 않는다.","American Heart Association: 가정혈압 측정 전 휴식, 자세, 반복 측정 등 기록할 측정 조건 | CDC: 고혈압 위험 요인으로서 가족력과 의료진 상담의 맥락 | NHLBI: 혈압 관련 증상과 의료 평가가 필요한 일반적 경계","기존 혈압·운동·심장 글과 달리 이 글의 결과물은 ‘측정 조건과 가족력’이 붙은 7일 카드다. 고혈압 진단, 약 시작·변경, 개인 목표 수치는 답하지 않는다.","기존 혈압·운동·심장 글과 달리 이 글의 결과물은 ‘측정 조건과 가족력’이 붙은 7일 카드다. 고혈압 진단, 약 시작·변경, 개인 목표 수치는 답하지 않는다.","측정 전 조건 점검 → 7일 기록표 작성 → 가족력 사실 구분 → 빠른 평가 신호 → 진료실 질문","기존 혈압·운동·심장 글과 달리 이 글의 결과물은 ‘측정 조건과 가족력’이 붙은 7일 카드다. 고혈압 진단, 약 시작·변경, 개인 목표 수치는 답하지 않는다.","아침·저녁 측정값, 팔 위치·휴식 여부, 카페인·통증·복용약, 직계 가족의 진단 시기를 칸으로 나눈 7일 혈압 맥락 카드.","아침·저녁 측정값, 팔 위치·휴식 여부, 카페인·통증·복용약, 직계 가족의 진단 시기를 칸으로 나눈 7일 혈압 맥락 카드.","American Heart Association: 성인 가정혈압 측정의 일반 원칙으로만 사용하며 개인 진단으로 확대하지 않는다. | CDC: 가족력은 위험 맥락을 정리하는 용도이며 개인 위험도를 산정하지 않는다. | NHLBI: 응급 판단을 대신하지 않고 즉시 도움을 받아야 할 상황을 안내하는 데만 쓴다.","아침·저녁 측정값, 팔 위치·휴식 여부, 카페인·통증·복용약, 직계 가족의 진단 시기를 칸으로 나눈 7일 혈압 맥락 카드.","숫자 하나가 놀라게 했더라도 첫 주에는 결론보다 맥락이 필요합니다. 이 글은 측정 조건과 가족력을 섞지 않고 적어 진료 대화를 준비하는 방법을 다룹니다.","측정값을 보기 전 확인할 조건 | 7일 카드에 남길 네 가지 사실 | 가족력은 누구의 언제 진단까지 적을까 | 기록을 기다리지 말아야 하는 증상 | 진료실에서 카드 꺼내는 순서","혈압계 수치가 들쑥날쑥하면 카드에는 무엇을 남기나요? | 가족의 고혈압 이야기는 얼마나 자세히 써야 하나요? | 높은 수치가 반복되면 기록만 하고 기다려도 되나요?","아침·저녁 측정값, 팔 위치·휴식 여부, 카페인·통증·복용약, 직계 가족의 진단 시기를 칸으로 나눈 7일 혈압 맥락 카드."
"a002","done","99","output/wonon/batch-30/drafts/a002-urgent-chest-pressure-action.mdx","output/wonon/batch-30/research/a002-urgent-chest-pressure-action.json","output/wonon/batch-30/qa/a002.json","가슴 압박감과 식은땀이 함께 올 때: 망설이지 않기 위한 즉시 행동 카드","urgent-chest-pressure-action","가슴 압박감과 식은땀이 함께 올 때: 망설이지 않기 위한 즉시 행동 카드 중년 여성 건강","응급 신호","응급 신호","false","응급 신호","가슴이 답답하면서 식은땀이나 호흡 변화가 있어 기다릴지 고민하는 독자","증상 시작 시각, 동반 증상, 현재 혼자인지, 도움 요청 번호와 가족 연락처를 한 장에 둔 냉장고용 즉시 행동 카드.","가슴 압박감과 식은땀이 함께 올 때: 망설이지 않기 위한 즉시 행동 카드","증상 시작 시각, 동반 증상, 현재 혼자인지, 도움 요청 번호와 가족 연락처를 한 장에 둔 냉장고용 즉시 행동 카드.","조합 인지 → 지금 할 행동 → 전화로 말할 핵심 정보 → 혼자 있을 때 안전 확보 → 사건 뒤 기록의 한계","가슴이 조이거나 눌리는 느낌과 식은땀이 함께 왔고, 혼자 판단하다 시간을 보내지 않으려는 독자.","증상 시작 시각, 동반 증상, 현재 혼자인지, 도움 요청 번호와 가족 연락처를 한 장에 둔 냉장고용 즉시 행동 카드.","조합 인지 → 지금 할 행동 → 전화로 말할 핵심 정보 → 혼자 있을 때 안전 확보 → 사건 뒤 기록의 한계","가슴이 조이거나 눌리는 느낌과 식은땀이 함께 왔고, 혼자 판단하다 시간을 보내지 않으려는 독자.","a030의 불안-회피 기록, b003의 두근거림 맥락과 달리 이 글은 현재 진행 중인 가슴 압박감+식은땀의 즉시 도움 요청만 다룬다. 공황장애·심장질환 감별은 답하지 않는다.","휴대전화와 냉장고에 행동 카드를 두고, 해당 조합이 생기면 기록보다 도움 요청을 먼저 하세요.","","증상 시작 시각, 동반 증상, 현재 혼자인지, 도움 요청 번호와 가족 연락처를 한 장에 둔 냉장고용 즉시 행동 카드.","가슴 압박감과 식은땀은 ‘좀 더 지켜볼지’ 계산하기보다 즉시 도움을 요청할 준비가 우선인 조합일 수 있습니다. 이 글은 진단명이 아니라 망설임을 줄이는 행동 카드에 집중합니다.","a030의 불안-회피 기록, b003의 두근거림 맥락과 달리 이 글은 현재 진행 중인 가슴 압박감+식은땀의 즉시 도움 요청만 다룬다. 공황장애·심장질환 감별은 답하지 않는다.","CDC: 심장마비에서 여성에게도 나타날 수 있는 흉부 불편감과 식은땀 등의 경고 증상 | NHLBI: 심장마비 의심 증상에서 응급 도움을 받도록 권하는 공식 행동 지침 | American Heart Association: 여성의 심장마비 경고 징후와 지체 없이 응급 도움을 받을 필요","a030의 불안-회피 기록, b003의 두근거림 맥락과 달리 이 글은 현재 진행 중인 가슴 압박감+식은땀의 즉시 도움 요청만 다룬다. 공황장애·심장질환 감별은 답하지 않는다.","a030의 불안-회피 기록, b003의 두근거림 맥락과 달리 이 글은 현재 진행 중인 가슴 압박감+식은땀의 즉시 도움 요청만 다룬다. 공황장애·심장질환 감별은 답하지 않는다.","조합 인지 → 지금 할 행동 → 전화로 말할 핵심 정보 → 혼자 있을 때 안전 확보 → 사건 뒤 기록의 한계","a030의 불안-회피 기록, b003의 두근거림 맥락과 달리 이 글은 현재 진행 중인 가슴 압박감+식은땀의 즉시 도움 요청만 다룬다. 공황장애·심장질환 감별은 답하지 않는다.","증상 시작 시각, 동반 증상, 현재 혼자인지, 도움 요청 번호와 가족 연락처를 한 장에 둔 냉장고용 즉시 행동 카드.","증상 시작 시각, 동반 증상, 현재 혼자인지, 도움 요청 번호와 가족 연락처를 한 장에 둔 냉장고용 즉시 행동 카드.","CDC: 증상 조합의 응급성을 알리는 일반 정보이며 개인별 원인을 판정하지 않는다. | NHLBI: 지역 응급번호와 의료 체계의 차이를 고려해 한국 독자에게는 119 안내로 번역한다. | American Heart Association: 전화 전 전달할 증상 정보를 정리하는 데만 사용한다.","증상 시작 시각, 동반 증상, 현재 혼자인지, 도움 요청 번호와 가족 연락처를 한 장에 둔 냉장고용 즉시 행동 카드.","가슴 압박감과 식은땀은 ‘좀 더 지켜볼지’ 계산하기보다 즉시 도움을 요청할 준비가 우선인 조합일 수 있습니다. 이 글은 진단명이 아니라 망설임을 줄이는 행동 카드에 집중합니다.","카드를 꺼내야 하는 증상 조합 | 혼자 있어도 먼저 할 세 가지 | 119 또는 주변 사람에게 말할 문장 | 운전·샤워·계단을 피해야 하는 이유 | 상황이 지나간 뒤에도 남길 사실","통증이 약해져도 도움을 요청해야 하나요? | 가족에게 어떤 정보부터 말하면 좋을까요? | 불안이나 소화 문제인지 스스로 구분할 수 있나요?","증상 시작 시각, 동반 증상, 현재 혼자인지, 도움 요청 번호와 가족 연락처를 한 장에 둔 냉장고용 즉시 행동 카드."
"a003","done","99","output/wonon/batch-30/drafts/a003-menopause-lipid-trend-table.mdx","output/wonon/batch-30/research/a003-menopause-lipid-trend-table.json","output/wonon/batch-30/qa/a003.json","폐경 후 콜레스테롤 결과표: 수치 하나 대신 변화의 방향을 읽는 표","menopause-lipid-trend-table","폐경 후 콜레스테롤 결과표: 수치 하나 대신 변화의 방향을 읽는 표 중년 여성 건강","심혈관·대사","심혈관·대사","false","심혈관·대사","폐경 뒤 LDL 변화가 보여 유행 식단부터 시작하려는 독자","검사 날짜별 지질 항목, 폐경 전후 변화, 혈압·흡연·당뇨 가족력, 검사 당시 생활 변화를 나란히 놓는 추세 비교표.","폐경 후 콜레스테롤 결과표: 수치 하나 대신 변화의 방향을 읽는 표","검사 날짜별 지질 항목, 폐경 전후 변화, 혈압·흡연·당뇨 가족력, 검사 당시 생활 변화를 나란히 놓는 추세 비교표.","검사표 해석의 전제 → 과거 결과 나란히 놓기 → 위험 맥락 열 채우기 → 의료진에게 물을 질문 → 숫자가 말하지 않는 것","폐경 전후 검사에서 LDL 등 지질 수치가 달라져 식단이나 약을 서둘러 바꾸기 전에 결과의 흐름을 보고 싶은 독자.","검사 날짜별 지질 항목, 폐경 전후 변화, 혈압·흡연·당뇨 가족력, 검사 당시 생활 변화를 나란히 놓는 추세 비교표.","검사표 해석의 전제 → 과거 결과 나란히 놓기 → 위험 맥락 열 채우기 → 의료진에게 물을 질문 → 숫자가 말하지 않는 것","폐경 전후 검사에서 LDL 등 지질 수치가 달라져 식단이나 약을 서둘러 바꾸기 전에 결과의 흐름을 보고 싶은 독자.","b017의 LDL 외 병력 목록과 달리 폐경 전후 ‘시간 추세’가 핵심이다. 스타틴 선택, 목표 LDL, 개인 식단은 답하지 않는다.","다음 진료 전, 최근 결과와 찾을 수 있는 과거 결과를 같은 표에 옮겨 변화의 방향부터 표시하세요.","","검사 날짜별 지질 항목, 폐경 전후 변화, 혈압·흡연·당뇨 가족력, 검사 당시 생활 변화를 나란히 놓는 추세 비교표.","폐경 뒤의 한 번의 콜레스테롤 결과는 걱정을 부르지만, 방향을 보려면 이전 표와 함께 읽어야 합니다. 이 글은 목표 수치 처방이 아니라 진료 전 비교표를 만드는 안내서입니다.","b017의 LDL 외 병력 목록과 달리 폐경 전후 ‘시간 추세’가 핵심이다. 스타틴 선택, 목표 LDL, 개인 식단은 답하지 않는다.","The Menopause Society: 폐경 전후 심혈관 위험과 지질 변화에 대한 환자용 설명 | CDC: 콜레스테롤 검사의 기본 항목과 심혈관 위험 맥락 | NHLBI: 혈중 콜레스테롤과 심혈관 건강의 관계 및 의료진 상담의 역할","b017의 LDL 외 병력 목록과 달리 폐경 전후 ‘시간 추세’가 핵심이다. 스타틴 선택, 목표 LDL, 개인 식단은 답하지 않는다.","b017의 LDL 외 병력 목록과 달리 폐경 전후 ‘시간 추세’가 핵심이다. 스타틴 선택, 목표 LDL, 개인 식단은 답하지 않는다.","검사표 해석의 전제 → 과거 결과 나란히 놓기 → 위험 맥락 열 채우기 → 의료진에게 물을 질문 → 숫자가 말하지 않는 것","b017의 LDL 외 병력 목록과 달리 폐경 전후 ‘시간 추세’가 핵심이다. 스타틴 선택, 목표 LDL, 개인 식단은 답하지 않는다.","검사 날짜별 지질 항목, 폐경 전후 변화, 혈압·흡연·당뇨 가족력, 검사 당시 생활 변화를 나란히 놓는 추세 비교표.","검사 날짜별 지질 항목, 폐경 전후 변화, 혈압·흡연·당뇨 가족력, 검사 당시 생활 변화를 나란히 놓는 추세 비교표.","The Menopause Society: 폐경과 심혈관 건강의 일반적 연관을 설명하며 개인 위험도 계산에 사용하지 않는다. | CDC: 결과표의 항목을 독자가 구분하도록 돕는 용도다. | NHLBI: 치료 선택을 지시하지 않고 질문을 설계하는 근거로만 쓴다.","검사 날짜별 지질 항목, 폐경 전후 변화, 혈압·흡연·당뇨 가족력, 검사 당시 생활 변화를 나란히 놓는 추세 비교표.","폐경 뒤의 한 번의 콜레스테롤 결과는 걱정을 부르지만, 방향을 보려면 이전 표와 함께 읽어야 합니다. 이 글은 목표 수치 처방이 아니라 진료 전 비교표를 만드는 안내서입니다.","한 장 결과표가 충분하지 않은 이유 | 이전 검사와 같은 항목끼리 맞추기 | 폐경 시점과 생활 변화를 옆 칸에 쓰기 | 위험 요인을 묻는 질문 세 개 | 약과 식단 결정을 미루는 이유","예전 검사표가 없으면 무엇부터 준비하나요? | 폐경이 지질 수치 변화와 어떤 관련이 있나요? | LDL이 높으면 이 글만 보고 식단이나 약을 바꿔도 되나요?","검사 날짜별 지질 항목, 폐경 전후 변화, 혈압·흡연·당뇨 가족력, 검사 당시 생활 변화를 나란히 놓는 추세 비교표."
"a004","done","99","output/wonon/batch-30/drafts/a004-stairs-breathlessness-route.mdx","output/wonon/batch-30/research/a004-stairs-breathlessness-route.json","output/wonon/batch-30/qa/a004.json","계단에서만 숨이 찰 때: 운동량이 아니라 증상 경로를 기록하는 지도","stairs-breathlessness-route","계단에서만 숨이 찰 때: 운동량이 아니라 증상 경로를 기록하는 지도 중년 여성 건강","호흡·활동","호흡·활동","false","호흡·활동","평지에서는 괜찮지만 계단에서 숨이 차 멈추게 되는 독자","출발 층·속도·난간 사용·숨참 시작 지점·회복 시간·흉부 불편감 여부를 경로처럼 표시하는 계단 증상 지도.","계단에서만 숨이 찰 때: 운동량이 아니라 증상 경로를 기록하는 지도","출발 층·속도·난간 사용·숨참 시작 지점·회복 시간·흉부 불편감 여부를 경로처럼 표시하는 계단 증상 지도.","장면 재현 → 강도와 경로 분리 → 회복 시간 측정 → 즉시 평가 신호 → 진료 전달 메모","평지에서는 괜찮지만 특정 층수나 계단 구간에서 숨이 차고, 운동 부족으로 넘겨도 될지 고민하는 독자.","출발 층·속도·난간 사용·숨참 시작 지점·회복 시간·흉부 불편감 여부를 경로처럼 표시하는 계단 증상 지도.","장면 재현 → 강도와 경로 분리 → 회복 시간 측정 → 즉시 평가 신호 → 진료 전달 메모","평지에서는 괜찮지만 특정 층수나 계단 구간에서 숨이 차고, 운동 부족으로 넘겨도 될지 고민하는 독자.","가슴 압박감 응급 카드(a002)와 달리 활동 중 증상 경로와 회복 시간을 다룬다. 심장·호흡기 질환 추정이나 운동 처방은 답하지 않는다.","다음 계단 이동에서 층수보다 숨참 시작 지점과 회복 시간을 한 번만 표시해 보세요.","","출발 층·속도·난간 사용·숨참 시작 지점·회복 시간·흉부 불편감 여부를 경로처럼 표시하는 계단 증상 지도.","‘계단에서 숨이 찼다’는 말만으로는 변화의 크기를 전달하기 어렵습니다. 이 글은 운동 처방 대신 어느 구간에서, 얼마나 오래, 무엇과 함께 나타났는지 그리는 지도를 제안합니다.","가슴 압박감 응급 카드(a002)와 달리 활동 중 증상 경로와 회복 시간을 다룬다. 심장·호흡기 질환 추정이나 운동 처방은 답하지 않는다.","MedlinePlus (NIH/NLM): 계단처럼 가벼운 활동에서도 나타나는 호흡곤란, 흉부 불편감·실신감 등에서 의료 평가가 필요한 일반적 경계 | NHS: 호흡곤란에서 진료·응급 평가가 필요한 일반적 기준 | American Lung Association: 호흡곤란을 활동 장면과 동반 증상으로 설명하는 환자용 관찰 관점","가슴 압박감 응급 카드(a002)와 달리 활동 중 증상 경로와 회복 시간을 다룬다. 심장·호흡기 질환 추정이나 운동 처방은 답하지 않는다.","가슴 압박감 응급 카드(a002)와 달리 활동 중 증상 경로와 회복 시간을 다룬다. 심장·호흡기 질환 추정이나 운동 처방은 답하지 않는다.","장면 재현 → 강도와 경로 분리 → 회복 시간 측정 → 즉시 평가 신호 → 진료 전달 메모","가슴 압박감 응급 카드(a002)와 달리 활동 중 증상 경로와 회복 시간을 다룬다. 심장·호흡기 질환 추정이나 운동 처방은 답하지 않는다.","출발 층·속도·난간 사용·숨참 시작 지점·회복 시간·흉부 불편감 여부를 경로처럼 표시하는 계단 증상 지도.","출발 층·속도·난간 사용·숨참 시작 지점·회복 시간·흉부 불편감 여부를 경로처럼 표시하는 계단 증상 지도.","MedlinePlus (NIH/NLM): 원인 질환을 단정하지 않고 활동 장면·회복과 함께 의료 평가가 필요한 신호를 구분하는 데만 사용한다. | NHS: 국가별 의료 접근 차이를 고려해 증상 인지 원칙만 사용한다. | American Lung Association: 진료 전달용 기록의 항목을 설계하는 데만 사용한다.","출발 층·속도·난간 사용·숨참 시작 지점·회복 시간·흉부 불편감 여부를 경로처럼 표시하는 계단 증상 지도.","‘계단에서 숨이 찼다’는 말만으로는 변화의 크기를 전달하기 어렵습니다. 이 글은 운동 처방 대신 어느 구간에서, 얼마나 오래, 무엇과 함께 나타났는지 그리는 지도를 제안합니다.","증상이 생긴 계단 장면 다시 떠올리기 | 숨참이 시작된 구간을 지도에 표시하기 | 멈춘 뒤 회복 시간을 재는 법 | 가슴 통증·실신감이 더해질 때 | 진료실에서 지도를 설명하는 문장","매번 같은 계단에서만 숨이 차면 기록이 필요한가요? | 회복 시간은 어떻게 재야 하나요? | 운동을 시작해서 해결해도 되나요?","출발 층·속도·난간 사용·숨참 시작 지점·회복 시간·흉부 불편감 여부를 경로처럼 표시하는 계단 증상 지도."
"a005","done","99","output/wonon/batch-30/drafts/a005-one-sided-ankle-swelling-observation.mdx","output/wonon/batch-30/research/a005-one-sided-ankle-swelling-observation.json","output/wonon/batch-30/qa/a005.json","한쪽 발목이 붓는 날: 좌우 차이와 시작 시점을 적는 관찰표","one-sided-ankle-swelling-observation","한쪽 발목이 붓는 날: 좌우 차이와 시작 시점을 적는 관찰표 중년 여성 건강","순환·안전","순환·안전","false","순환·안전","한쪽 발목만 부어 단순 피로인지 걱정되는 독자","좌우 발목·종아리 모양, 붓기 시작 시각, 통증·열감·피부색, 호흡 증상을 같은 행에 적는 좌우 비교 관찰표.","한쪽 발목이 붓는 날: 좌우 차이와 시작 시점을 적는 관찰표","좌우 발목·종아리 모양, 붓기 시작 시각, 통증·열감·피부색, 호흡 증상을 같은 행에 적는 좌우 비교 관찰표.","양쪽 비교 → 시간 흐름 → 촉감·색 변화 → 즉시 평가 기준 → 사진과 메모의 안전한 사용","신발이 한쪽만 답답할 정도로 발목이나 종아리가 부었고, 오래 서서 그런 것인지 평가가 필요한지 판단하고 싶은 독자.","좌우 발목·종아리 모양, 붓기 시작 시각, 통증·열감·피부색, 호흡 증상을 같은 행에 적는 좌우 비교 관찰표.","양쪽 비교 → 시간 흐름 → 촉감·색 변화 → 즉시 평가 기준 → 사진과 메모의 안전한 사용","신발이 한쪽만 답답할 정도로 발목이나 종아리가 부었고, 오래 서서 그런 것인지 평가가 필요한지 판단하고 싶은 독자.","다리 운동·낙상 글과 달리 한쪽 부종의 좌우 비교와 급성 경고 신호가 중심이다. 혈전 여부, 이뇨제·압박요법 선택은 답하지 않는다.","오늘은 좌우 발목을 같은 시간에 보고, 시작 시각과 동반 증상만 표에 남긴 뒤 위험 신호가 있으면 바로 도움을 받으세요.","","좌우 발목·종아리 모양, 붓기 시작 시각, 통증·열감·피부색, 호흡 증상을 같은 행에 적는 좌우 비교 관찰표.","붓기는 양쪽이 같은지, 언제 시작됐는지에 따라 전달해야 할 정보가 달라집니다. 이 글은 집에서 원인을 추정하는 대신 좌우 차이와 위험 신호를 놓치지 않는 관찰표를 만듭니다.","다리 운동·낙상 글과 달리 한쪽 부종의 좌우 비교와 급성 경고 신호가 중심이다. 혈전 여부, 이뇨제·압박요법 선택은 답하지 않는다.","NHS: 부종에서 한쪽 또는 갑작스러운 변화와 평가 필요 신호 | NHLBI: 심부정맥혈전증·폐색전증에서 다리 증상 및 호흡 증상의 경고 조합 | Mayo Clinic: 부종의 관찰 가능한 증상과 진료 전 기록 요소","다리 운동·낙상 글과 달리 한쪽 부종의 좌우 비교와 급성 경고 신호가 중심이다. 혈전 여부, 이뇨제·압박요법 선택은 답하지 않는다.","다리 운동·낙상 글과 달리 한쪽 부종의 좌우 비교와 급성 경고 신호가 중심이다. 혈전 여부, 이뇨제·압박요법 선택은 답하지 않는다.","양쪽 비교 → 시간 흐름 → 촉감·색 변화 → 즉시 평가 기준 → 사진과 메모의 안전한 사용","다리 운동·낙상 글과 달리 한쪽 부종의 좌우 비교와 급성 경고 신호가 중심이다. 혈전 여부, 이뇨제·압박요법 선택은 답하지 않는다.","좌우 발목·종아리 모양, 붓기 시작 시각, 통증·열감·피부색, 호흡 증상을 같은 행에 적는 좌우 비교 관찰표.","좌우 발목·종아리 모양, 붓기 시작 시각, 통증·열감·피부색, 호흡 증상을 같은 행에 적는 좌우 비교 관찰표.","NHS: 자가 진단 없이 의료 평가가 필요한 패턴을 설명하는 데만 사용한다. | NHLBI: 혈전 여부를 판정하지 않고 즉시 평가가 필요한 조합을 알리는 데만 쓴다. | Mayo Clinic: 독자 관찰표의 항목을 정하는 보조 자료로 사용한다.","좌우 발목·종아리 모양, 붓기 시작 시각, 통증·열감·피부색, 호흡 증상을 같은 행에 적는 좌우 비교 관찰표.","붓기는 양쪽이 같은지, 언제 시작됐는지에 따라 전달해야 할 정보가 달라집니다. 이 글은 집에서 원인을 추정하는 대신 좌우 차이와 위험 신호를 놓치지 않는 관찰표를 만듭니다.","양말 자국보다 먼저 볼 좌우 차이 | 시작 시각과 하루 중 변화를 적기 | 열감·통증·피부색을 따로 표시하기 | 호흡 증상과 함께 나타날 때의 행동 | 사진을 진료에 쓰되 판단에 쓰지 않는 법","양쪽 발목이 모두 부으면 이 표가 필요 없나요? | 발목 사진만 찍어도 상담에 도움이 되나요? | 마사지나 압박 양말을 먼저 써도 되나요?","좌우 발목·종아리 모양, 붓기 시작 시각, 통증·열감·피부색, 호흡 증상을 같은 행에 적는 좌우 비교 관찰표."
"a006","done","99","output/wonon/batch-30/drafts/a006-fasting-glucose-sleepiness-log.mdx","output/wonon/batch-30/research/a006-fasting-glucose-sleepiness-log.json","output/wonon/batch-30/qa/a006.json","공복혈당 경계와 식후 졸림: 3일 생활 맥락 기록지","fasting-glucose-sleepiness-log","공복혈당 경계와 식후 졸림: 3일 생활 맥락 기록지 중년 여성 건강","대사·검진","대사·검진","false","대사·검진","검진 공복혈당이 경계이고 식후 졸림도 있어 당뇨가 걱정되는 독자","식사 시각·구성, 졸림 시작·지속 시간, 전날 수면, 카페인·음주, 활동량을 하루 한 줄로 적는 3일 생활 맥락 기록지.","공복혈당 경계와 식후 졸림: 3일 생활 맥락 기록지","식사 시각·구성, 졸림 시작·지속 시간, 전날 수면, 카페인·음주, 활동량을 하루 한 줄로 적는 3일 생활 맥락 기록지.","검사 수치와 증상 분리 → 3일 관찰 시작 → 식사 뒤 졸림 묘사 → 수면·음주 교란 요인 → 재검 질문 묶기","검진에서 공복혈당 경계라는 말을 들었고, 식사 뒤 심한 졸림까지 있어 재검 전 생활 맥락을 정리하고 싶은 독자.","식사 시각·구성, 졸림 시작·지속 시간, 전날 수면, 카페인·음주, 활동량을 하루 한 줄로 적는 3일 생활 맥락 기록지.","검사 수치와 증상 분리 → 3일 관찰 시작 → 식사 뒤 졸림 묘사 → 수면·음주 교란 요인 → 재검 질문 묶기","검진에서 공복혈당 경계라는 말을 들었고, 식사 뒤 심한 졸림까지 있어 재검 전 생활 맥락을 정리하고 싶은 독자.","b018의 공복혈당 단독 결과와 달리 이 글은 식후 졸림의 3일 생활 맥락을 다룬다. 당뇨 확진과 자가혈당 측정 처방은 답하지 않는다.","다음 3일 동안 식사 양을 평가하지 말고 시각·졸림·전날 잠만 같은 방식으로 적어 재검 질문을 만드세요.","","식사 시각·구성, 졸림 시작·지속 시간, 전날 수면, 카페인·음주, 활동량을 하루 한 줄로 적는 3일 생활 맥락 기록지.","공복혈당 경계와 식후 졸림이 함께 있어도 한 가지 원인으로 묶을 수는 없습니다. 이 글은 혈당을 자주 재라는 처방이 아니라 재검 때 설명할 3일의 생활 맥락을 만드는 방법입니다.","b018의 공복혈당 단독 결과와 달리 이 글은 식후 졸림의 3일 생활 맥락을 다룬다. 당뇨 확진과 자가혈당 측정 처방은 답하지 않는다.","CDC: 당뇨 전단계의 의미와 검사 기반 확인의 원칙 | NIDDK: 당뇨 전단계·인슐린 저항성과 재검·상담의 역할 | NHLBI: 수면 부족이 낮 기능과 졸림에 미칠 수 있는 영향","b018의 공복혈당 단독 결과와 달리 이 글은 식후 졸림의 3일 생활 맥락을 다룬다. 당뇨 확진과 자가혈당 측정 처방은 답하지 않는다.","b018의 공복혈당 단독 결과와 달리 이 글은 식후 졸림의 3일 생활 맥락을 다룬다. 당뇨 확진과 자가혈당 측정 처방은 답하지 않는다.","검사 수치와 증상 분리 → 3일 관찰 시작 → 식사 뒤 졸림 묘사 → 수면·음주 교란 요인 → 재검 질문 묶기","b018의 공복혈당 단독 결과와 달리 이 글은 식후 졸림의 3일 생활 맥락을 다룬다. 당뇨 확진과 자가혈당 측정 처방은 답하지 않는다.","식사 시각·구성, 졸림 시작·지속 시간, 전날 수면, 카페인·음주, 활동량을 하루 한 줄로 적는 3일 생활 맥락 기록지.","식사 시각·구성, 졸림 시작·지속 시간, 전날 수면, 카페인·음주, 활동량을 하루 한 줄로 적는 3일 생활 맥락 기록지.","CDC: 공복혈당 경계의 일반적 맥락만 설명하고 개인 진단은 하지 않는다. | NIDDK: 검사 결과를 의료진과 논의할 필요를 설명하는 데만 쓴다. | NHLBI: 졸림의 원인을 단정하지 않고 기록할 교란 요인을 정하는 데 사용한다.","식사 시각·구성, 졸림 시작·지속 시간, 전날 수면, 카페인·음주, 활동량을 하루 한 줄로 적는 3일 생활 맥락 기록지.","공복혈당 경계와 식후 졸림이 함께 있어도 한 가지 원인으로 묶을 수는 없습니다. 이 글은 혈당을 자주 재라는 처방이 아니라 재검 때 설명할 3일의 생활 맥락을 만드는 방법입니다.","검사 결과와 오후 졸림을 한 줄에 결론내리지 않기 | 첫날: 식사 시각과 졸림의 시작 | 둘째 날: 전날 잠과 카페인까지 함께 적기 | 셋째 날: 반복되는 장면 찾기 | 재검에서 물을 질문 묶기","식후 졸림 시간은 몇 분 단위로 적어야 하나요? | 공복혈당 경계면 집에서 혈당을 재야 하나요? | 식단을 크게 바꾸기 전에 무엇을 의료진에게 물어야 하나요?","식사 시각·구성, 졸림 시작·지속 시간, 전날 수면, 카페인·음주, 활동량을 하루 한 줄로 적는 3일 생활 맥락 기록지."
"a007","done","99","output/wonon/batch-30/drafts/a007-unintended-weight-loss-bundle.mdx","output/wonon/batch-30/research/a007-unintended-weight-loss-bundle.json","output/wonon/batch-30/qa/a007.json","원치 않는 체중 감소가 있을 때: ‘갱년기 탓’ 전에 확인할 변화 묶음","unintended-weight-loss-bundle","원치 않는 체중 감소가 있을 때: ‘갱년기 탓’ 전에 확인할 변화 묶음 중년 여성 건강","체중·영양","체중·영양","false","체중·영양","체중이 이유 없이 줄어 갱년기 변화로 넘길지 고민하는 독자","체중 변화 시작점, 감량 의도, 식욕·배변·발열·통증·피로, 복용약 변화, 일상 기능을 묶어 보는 변화 묶음 메모.","원치 않는 체중 감소가 있을 때: ‘갱년기 탓’ 전에 확인할 변화 묶음","체중 변화 시작점, 감량 의도, 식욕·배변·발열·통증·피로, 복용약 변화, 일상 기능을 묶어 보는 변화 묶음 메모.","의도 확인 → 시간선 만들기 → 동반 변화 묶기 → 빠른 상담 신호 → 진료에서 빠뜨리지 않을 정보","체중을 줄이려 하지 않았는데 옷이 헐거워지고, 갱년기나 스트레스로 넘겨도 되는지 망설이는 독자.","체중 변화 시작점, 감량 의도, 식욕·배변·발열·통증·피로, 복용약 변화, 일상 기능을 묶어 보는 변화 묶음 메모.","의도 확인 → 시간선 만들기 → 동반 변화 묶기 → 빠른 상담 신호 → 진료에서 빠뜨리지 않을 정보","체중을 줄이려 하지 않았는데 옷이 헐거워지고, 갱년기나 스트레스로 넘겨도 되는지 망설이는 독자.","체중 관리·저녁 폭식 글과 달리 ‘원치 않은 감소’에 동반된 변화 묶음이 주제다. 원인 질환과 목표 체중은 답하지 않는다.","오늘은 몸무게를 평가하지 말고, 감소가 원했던 일인지와 함께 달라진 기능·식욕·배변을 한 장에 적으세요.","","체중 변화 시작점, 감량 의도, 식욕·배변·발열·통증·피로, 복용약 변화, 일상 기능을 묶어 보는 변화 묶음 메모.","원하지 않은 체중 감소는 체중계 숫자만의 문제가 아닐 수 있습니다. 이 글은 ‘갱년기 탓’이라고 결론내리기 전에 어떤 변화를 함께 적어 상담으로 연결할지 정리합니다.","체중 관리·저녁 폭식 글과 달리 ‘원치 않은 감소’에 동반된 변화 묶음이 주제다. 원인 질환과 목표 체중은 답하지 않는다.","NHS: 의도하지 않은 체중 감소에서 의료 상담이 필요한 일반적 상황 | Mayo Clinic: 설명되지 않는 체중 감소의 정의와 진료 필요성 | National Cancer Institute: 식욕 변화와 영양 상태를 진료에서 전달할 때의 관찰 관점","체중 관리·저녁 폭식 글과 달리 ‘원치 않은 감소’에 동반된 변화 묶음이 주제다. 원인 질환과 목표 체중은 답하지 않는다.","체중 관리·저녁 폭식 글과 달리 ‘원치 않은 감소’에 동반된 변화 묶음이 주제다. 원인 질환과 목표 체중은 답하지 않는다.","의도 확인 → 시간선 만들기 → 동반 변화 묶기 → 빠른 상담 신호 → 진료에서 빠뜨리지 않을 정보","체중 관리·저녁 폭식 글과 달리 ‘원치 않은 감소’에 동반된 변화 묶음이 주제다. 원인 질환과 목표 체중은 답하지 않는다.","체중 변화 시작점, 감량 의도, 식욕·배변·발열·통증·피로, 복용약 변화, 일상 기능을 묶어 보는 변화 묶음 메모.","체중 변화 시작점, 감량 의도, 식욕·배변·발열·통증·피로, 복용약 변화, 일상 기능을 묶어 보는 변화 묶음 메모.","NHS: 특정 질환을 추정하지 않고 상담 시점을 안내하는 데만 사용한다. | Mayo Clinic: 독자가 ‘원치 않은 변화’를 설명하는 언어를 만드는 보조 자료로 쓴다. | National Cancer Institute: 암을 암시하거나 진단하지 않고 식욕·기능 기록 항목을 정하는 데만 사용한다.","체중 변화 시작점, 감량 의도, 식욕·배변·발열·통증·피로, 복용약 변화, 일상 기능을 묶어 보는 변화 묶음 메모.","원하지 않은 체중 감소는 체중계 숫자만의 문제가 아닐 수 있습니다. 이 글은 ‘갱년기 탓’이라고 결론내리기 전에 어떤 변화를 함께 적어 상담으로 연결할지 정리합니다.","체중 감소에 ‘의도’ 칸을 먼저 넣는 이유 | 언제부터 달라졌는지 시간선 그리기 | 식욕·배변·열·통증을 한 묶음으로 보기 | 빠르게 상담해야 할 변화 | 진료실에 가져갈 변화 묶음 메모","체중계가 없어도 변화를 기록할 수 있나요? | 갱년기 증상과 체중 감소를 어떻게 구분하나요? | 목표 체중을 정해 식사를 늘리면 해결되나요?","체중 변화 시작점, 감량 의도, 식욕·배변·발열·통증·피로, 복용약 변화, 일상 기능을 묶어 보는 변화 묶음 메모."
"a008","done","99","output/wonon/batch-30/drafts/a008-fatty-liver-visit-questions.mdx","output/wonon/batch-30/research/a008-fatty-liver-visit-questions.json","output/wonon/batch-30/qa/a008.json","지방간 소견을 들은 뒤: 술 한 가지만 묻지 않는 진료 질문 순서","fatty-liver-visit-questions","지방간 소견을 들은 뒤: 술 한 가지만 묻지 않는 진료 질문 순서 중년 여성 건강","간 건강","간 건강","false","간 건강","검진 초음파에서 지방간 소견을 듣고 금주만 하면 되는지 궁금한 독자","검사 날짜·간 수치 변화·음주 패턴·체중·혈당·지질·복용약을 질문 순서에 맞춰 적는 진료 질문 우선순위 카드.","지방간 소견을 들은 뒤: 술 한 가지만 묻지 않는 진료 질문 순서","검사 날짜·간 수치 변화·음주 패턴·체중·혈당·지질·복용약을 질문 순서에 맞춰 적는 진료 질문 우선순위 카드.","소견의 범위 → 질문 순서 설계 → 대사 맥락 수집 → 검사 추세 확인 → 진료실 대화 마무리","건강검진에서 지방간 소견을 들었고 음주량만 답하다 끝나지 않도록 다음 진료에서 무엇을 우선 질문할지 준비하려는 독자.","검사 날짜·간 수치 변화·음주 패턴·체중·혈당·지질·복용약을 질문 순서에 맞춰 적는 진료 질문 우선순위 카드.","소견의 범위 → 질문 순서 설계 → 대사 맥락 수집 → 검사 추세 확인 → 진료실 대화 마무리","건강검진에서 지방간 소견을 들었고 음주량만 답하다 끝나지 않도록 다음 진료에서 무엇을 우선 질문할지 준비하려는 독자.","식단·음주 행동 변화 글과 달리 이 글은 지방간 소견 뒤 ‘진료 질문의 순서’가 산출물이다. 간 섬유화 단계와 개인별 음주 허용량은 답하지 않는다.","검진 결과지를 꺼내고, 술·체중·혈당·복용품을 한 칸씩만 채운 질문 카드를 다음 진료에 가져가세요.","","검사 날짜·간 수치 변화·음주 패턴·체중·혈당·지질·복용약을 질문 순서에 맞춰 적는 진료 질문 우선순위 카드.","지방간 소견 뒤에 ‘술을 얼마나 마시나요’만 묻고 끝내면 다음 대화가 좁아질 수 있습니다. 이 글은 음주를 포함하되 검사 추세와 대사 맥락을 함께 꺼내는 질문 카드에 집중합니다.","식단·음주 행동 변화 글과 달리 이 글은 지방간 소견 뒤 ‘진료 질문의 순서’가 산출물이다. 간 섬유화 단계와 개인별 음주 허용량은 답하지 않는다.","NIDDK: 비알코올성 지방간 질환의 대사 위험 요인과 의료 평가의 일반적 맥락 | American Liver Foundation: 지방간 질환에서 음주 외 대사 요인을 함께 고려하는 환자용 설명 | Mayo Clinic: 지방간 질환의 검사·진료 평가에 대한 개요","식단·음주 행동 변화 글과 달리 이 글은 지방간 소견 뒤 ‘진료 질문의 순서’가 산출물이다. 간 섬유화 단계와 개인별 음주 허용량은 답하지 않는다.","식단·음주 행동 변화 글과 달리 이 글은 지방간 소견 뒤 ‘진료 질문의 순서’가 산출물이다. 간 섬유화 단계와 개인별 음주 허용량은 답하지 않는다.","소견의 범위 → 질문 순서 설계 → 대사 맥락 수집 → 검사 추세 확인 → 진료실 대화 마무리","식단·음주 행동 변화 글과 달리 이 글은 지방간 소견 뒤 ‘진료 질문의 순서’가 산출물이다. 간 섬유화 단계와 개인별 음주 허용량은 답하지 않는다.","검사 날짜·간 수치 변화·음주 패턴·체중·혈당·지질·복용약을 질문 순서에 맞춰 적는 진료 질문 우선순위 카드.","검사 날짜·간 수치 변화·음주 패턴·체중·혈당·지질·복용약을 질문 순서에 맞춰 적는 진료 질문 우선순위 카드.","NIDDK: 지방간 소견을 단정적 진단으로 바꾸지 않고 질문 항목을 정하는 데 사용한다. | American Liver Foundation: 개인별 간 질환 단계나 음주 허용량을 제시하지 않는다. | Mayo Clinic: 검진 문구의 한계와 추적 질문을 설명하는 보조 자료로 쓴다.","검사 날짜·간 수치 변화·음주 패턴·체중·혈당·지질·복용약을 질문 순서에 맞춰 적는 진료 질문 우선순위 카드.","지방간 소견 뒤에 ‘술을 얼마나 마시나요’만 묻고 끝내면 다음 대화가 좁아질 수 있습니다. 이 글은 음주를 포함하되 검사 추세와 대사 맥락을 함께 꺼내는 질문 카드에 집중합니다.","검진 문구를 진단명으로 읽지 않기 | 첫 질문: 검사와 추적 계획 | 둘째 질문: 혈당·지질·체중의 맥락 | 셋째 질문: 음주와 복용품을 말하는 법 | 질문 카드로 진료를 마무리하는 법","지방간 소견만 있으면 추가 검사가 필요한가요? | 음주하지 않아도 질문 카드가 필요한가요? | 보조제와 건강식품도 적어야 하나요?","검사 날짜·간 수치 변화·음주 패턴·체중·혈당·지질·복용약을 질문 순서에 맞춰 적는 진료 질문 우선순위 카드."
"a009","done","99","output/wonon/batch-30/drafts/a009-borderline-thyroid-context-note.mdx","output/wonon/batch-30/research/a009-borderline-thyroid-context-note.json","output/wonon/batch-30/qa/a009.json","경계 갑상선 수치와 피로: 검사 날짜·복용 보조제를 분리하는 메모","borderline-thyroid-context-note","경계 갑상선 수치와 피로: 검사 날짜·복용 보조제를 분리하는 메모 중년 여성 건강","호르몬·검진","호르몬·검진","false","호르몬·검진","TSH가 경계라는 말을 듣고 모든 피로를 갑상선 탓으로 생각하는 독자","검사 날짜·수치 항목·증상 시작일·처방약·건강기능식품·비오틴 등 보조제를 서로 다른 열에 적는 검사 날짜-복용품 분리 메모.","경계 갑상선 수치와 피로: 검사 날짜·복용 보조제를 분리하는 메모","검사 날짜·수치 항목·증상 시작일·처방약·건강기능식품·비오틴 등 보조제를 서로 다른 열에 적는 검사 날짜-복용품 분리 메모.","수치와 증상 분리 → 날짜 열 만들기 → 복용품 열 만들기 → 재검 전 확인 → 해석을 의료진에게 넘기기","갑상선 검사 수치가 경계라는 말을 들었고 피로·두근거림·체중 변화가 있어 복용 중인 보조제까지 어떻게 설명할지 고민하는 독자.","검사 날짜·수치 항목·증상 시작일·처방약·건강기능식품·비오틴 등 보조제를 서로 다른 열에 적는 검사 날짜-복용품 분리 메모.","수치와 증상 분리 → 날짜 열 만들기 → 복용품 열 만들기 → 재검 전 확인 → 해석을 의료진에게 넘기기","갑상선 검사 수치가 경계라는 말을 들었고 피로·두근거림·체중 변화가 있어 복용 중인 보조제까지 어떻게 설명할지 고민하는 독자.","일반 피로·폐경 글과 달리 이 글은 검사 날짜와 복용 보조제를 분리하는 기록법에 한정된다. 갑상선 질환 확진과 호르몬 조절은 답하지 않는다.","다음 검사 전, 복용품 이름보다 시작·중단 날짜를 먼저 메모의 별도 열에 옮기세요.","","검사 날짜·수치 항목·증상 시작일·처방약·건강기능식품·비오틴 등 보조제를 서로 다른 열에 적는 검사 날짜-복용품 분리 메모.","피로가 있다고 경계 갑상선 수치가 곧 원인이라는 뜻은 아닙니다. 이 글은 검사표와 복용품을 한 문장에 섞지 않고, 재평가 때 필요한 날짜 정보를 분리하는 메모를 만듭니다.","일반 피로·폐경 글과 달리 이 글은 검사 날짜와 복용 보조제를 분리하는 기록법에 한정된다. 갑상선 질환 확진과 호르몬 조절은 답하지 않는다.","NIDDK: 갑상선 기능저하증 검사와 증상의 일반적 관계, 의료진 평가의 필요성 | American Thyroid Association: 갑상선 기능검사 항목과 해석의 의료적 맥락 | FDA: 비오틴이 일부 검사실 검사 결과에 간섭할 수 있어 복용 사실을 검사 전 의료진·검사실에 알릴 필요가 있다는 FDA 안전 정보","일반 피로·폐경 글과 달리 이 글은 검사 날짜와 복용 보조제를 분리하는 기록법에 한정된다. 갑상선 질환 확진과 호르몬 조절은 답하지 않는다.","일반 피로·폐경 글과 달리 이 글은 검사 날짜와 복용 보조제를 분리하는 기록법에 한정된다. 갑상선 질환 확진과 호르몬 조절은 답하지 않는다.","수치와 증상 분리 → 날짜 열 만들기 → 복용품 열 만들기 → 재검 전 확인 → 해석을 의료진에게 넘기기","일반 피로·폐경 글과 달리 이 글은 검사 날짜와 복용 보조제를 분리하는 기록법에 한정된다. 갑상선 질환 확진과 호르몬 조절은 답하지 않는다.","검사 날짜·수치 항목·증상 시작일·처방약·건강기능식품·비오틴 등 보조제를 서로 다른 열에 적는 검사 날짜-복용품 분리 메모.","검사 날짜·수치 항목·증상 시작일·처방약·건강기능식품·비오틴 등 보조제를 서로 다른 열에 적는 검사 날짜-복용품 분리 메모.","NIDDK: 개별 수치를 진단하지 않고 검사·증상 메모의 목적을 설명하는 데 사용한다. | American Thyroid Association: 검사표 항목을 구분하는 정보로만 사용하며 목표 수치를 제시하지 않는다. | FDA: 복용품을 기록하고 검사 전 의료진에게 알릴 필요를 설명하며, 임의 중단·갑상선 검사 결과 해석 지시를 하지 않는다.","검사 날짜·수치 항목·증상 시작일·처방약·건강기능식품·비오틴 등 보조제를 서로 다른 열에 적는 검사 날짜-복용품 분리 메모.","피로가 있다고 경계 갑상선 수치가 곧 원인이라는 뜻은 아닙니다. 이 글은 검사표와 복용품을 한 문장에 섞지 않고, 재평가 때 필요한 날짜 정보를 분리하는 메모를 만듭니다.","검사표와 몸 느낌을 즉시 연결하지 않기 | 날짜 열: 검사와 증상의 순서 | 복용품 열: 처방약·보조제·변경 시점 | 재검 전에 확인할 세 가지 | 결과 해석을 맡길 질문","비오틴 같은 보조제도 꼭 적어야 하나요? | 피로가 심하면 수치를 기다리지 말고 상담해야 하나요? | 이전 검사 결과가 없으면 무엇을 준비하나요?","검사 날짜·수치 항목·증상 시작일·처방약·건강기능식품·비오틴 등 보조제를 서로 다른 열에 적는 검사 날짜-복용품 분리 메모."
"a010","done","99","output/wonon/batch-30/drafts/a010-evening-eating-pattern-timeline.mdx","output/wonon/batch-30/research/a010-evening-eating-pattern-timeline.json","output/wonon/batch-30/qa/a010.json","저녁 폭식을 후회할 때: 의지 평가 대신 하루의 공백을 돌아보는 타임라인","evening-eating-pattern-timeline","저녁 폭식을 후회할 때: 의지 평가 대신 하루의 공백을 돌아보는 타임라인 중년 여성 건강","식사·마음","식사·마음","false","식사·마음","저녁에 과하게 먹고 자신을 탓하는 독자","기상부터 취침까지 식사 간격, 배고픔 강도, 업무·돌봄 스트레스, 수면 시간, 저녁 섭취 뒤 느낌을 시간축에 올리는 하루 공백 타임라인.","저녁 폭식을 후회할 때: 의지 평가 대신 하루의 공백을 돌아보는 타임라인","기상부터 취침까지 식사 간격, 배고픔 강도, 업무·돌봄 스트레스, 수면 시간, 저녁 섭취 뒤 느낌을 시간축에 올리는 하루 공백 타임라인.","후회 언어 멈추기 → 하루 시간축 복원 → 공백과 감정의 접점 찾기 → 작은 환경 조정 → 도움 신호 구분","저녁에 많이 먹은 뒤 자신을 탓하지만, 낮 식사 공백·수면·스트레스가 어떻게 이어졌는지 차분히 보고 싶은 독자.","기상부터 취침까지 식사 간격, 배고픔 강도, 업무·돌봄 스트레스, 수면 시간, 저녁 섭취 뒤 느낌을 시간축에 올리는 하루 공백 타임라인.","후회 언어 멈추기 → 하루 시간축 복원 → 공백과 감정의 접점 찾기 → 작은 환경 조정 → 도움 신호 구분","저녁에 많이 먹은 뒤 자신을 탓하지만, 낮 식사 공백·수면·스트레스가 어떻게 이어졌는지 차분히 보고 싶은 독자.","a007의 원치 않는 체중 감소, 일반 다이어트 글과 달리 이 글은 저녁 섭취 전 하루 공백의 시간축이 핵심이다. 섭식장애 진단과 체중감량 식단은 답하지 않는다.","오늘 밤에는 섭취량 점수 대신 마지막 식사와 첫 강한 허기가 온 시각을 타임라인에 표시해 보세요.","","기상부터 취침까지 식사 간격, 배고픔 강도, 업무·돌봄 스트레스, 수면 시간, 저녁 섭취 뒤 느낌을 시간축에 올리는 하루 공백 타임라인.","저녁 폭식을 의지 문제로 판정하면 다음 날의 패턴을 보기 어려워집니다. 이 글은 체중 감량 식단을 제시하지 않고, 하루의 공백과 스트레스를 시간축에 올려 다음 행동을 고르는 방법을 다룹니다.","a007의 원치 않는 체중 감소, 일반 다이어트 글과 달리 이 글은 저녁 섭취 전 하루 공백의 시간축이 핵심이다. 섭식장애 진단과 체중감량 식단은 답하지 않는다.","NIMH: 섭식장애의 경고 신호와 전문적 도움의 필요성 | NIDDK: 규칙적 식사와 식사 계획을 다루는 환자용 건강정보의 범위 | NHLBI: 수면 부족과 식욕·낮 기능에 관한 일반 건강 영향","a007의 원치 않는 체중 감소, 일반 다이어트 글과 달리 이 글은 저녁 섭취 전 하루 공백의 시간축이 핵심이다. 섭식장애 진단과 체중감량 식단은 답하지 않는다.","a007의 원치 않는 체중 감소, 일반 다이어트 글과 달리 이 글은 저녁 섭취 전 하루 공백의 시간축이 핵심이다. 섭식장애 진단과 체중감량 식단은 답하지 않는다.","후회 언어 멈추기 → 하루 시간축 복원 → 공백과 감정의 접점 찾기 → 작은 환경 조정 → 도움 신호 구분","a007의 원치 않는 체중 감소, 일반 다이어트 글과 달리 이 글은 저녁 섭취 전 하루 공백의 시간축이 핵심이다. 섭식장애 진단과 체중감량 식단은 답하지 않는다.","기상부터 취침까지 식사 간격, 배고픔 강도, 업무·돌봄 스트레스, 수면 시간, 저녁 섭취 뒤 느낌을 시간축에 올리는 하루 공백 타임라인.","기상부터 취침까지 식사 간격, 배고픔 강도, 업무·돌봄 스트레스, 수면 시간, 저녁 섭취 뒤 느낌을 시간축에 올리는 하루 공백 타임라인.","NIMH: 독자의 반복적 고통·통제 어려움에서 도움 신호를 안내하며 진단하지 않는다. | NIDDK: 개인별 칼로리·감량 식단을 처방하지 않고 시간 기록의 맥락만 확인한다. | NHLBI: 수면을 단일 원인으로 단정하지 않고 타임라인의 기록 항목으로 사용한다.","기상부터 취침까지 식사 간격, 배고픔 강도, 업무·돌봄 스트레스, 수면 시간, 저녁 섭취 뒤 느낌을 시간축에 올리는 하루 공백 타임라인.","저녁 폭식을 의지 문제로 판정하면 다음 날의 패턴을 보기 어려워집니다. 이 글은 체중 감량 식단을 제시하지 않고, 하루의 공백과 스트레스를 시간축에 올려 다음 행동을 고르는 방법을 다룹니다.","후회 문장을 관찰 문장으로 바꾸기 | 기상부터 저녁까지 빈칸 찾기 | 배고픔과 스트레스가 만난 시점 표시하기 | 다음 날에 시험할 작은 환경 조정 | 통제가 어렵거나 고통이 클 때 도움 신호","하루 한 번만 기록해도 패턴이 보이나요? | 저녁에 먹은 양을 칼로리로 계산해야 하나요? | 폭식이 반복되면 혼자 식단부터 더 조여야 하나요?","기상부터 취침까지 식사 간격, 배고픔 강도, 업무·돌봄 스트레스, 수면 시간, 저녁 섭취 뒤 느낌을 시간축에 올리는 하루 공백 타임라인."
"a011","done","99","output/wonon/batch-30/drafts/a011-stair-knee-response-table.mdx","output/wonon/batch-30/research/a011-stair-knee-response-table.json","output/wonon/batch-30/qa/a011.json","계단에서 무릎이 아플 때: 오르기와 내려가기 반응을 나누는 표","stair-knee-response-table","계단에서 무릎이 아플 때: 오르기와 내려가기 반응을 나누는 표 중년 여성 건강","관절·활동","관절·활동","false","관절·활동","평지 걷기는 가능한데 계단에서 무릎이 아픈 독자","오르기·내려가기별 통증 위치, 붓기, 휘청임, 다음 날 영향, 난간 사용을 마주 보게 둔 계단 반응표.","계단에서 무릎이 아플 때: 오르기와 내려가기 반응을 나누는 표","오르기·내려가기별 통증 위치, 붓기, 휘청임, 다음 날 영향, 난간 사용을 마주 보게 둔 계단 반응표.","동작 비교 → 오르기 관찰 → 내려가기 관찰 → 중단·평가 신호 → 상담용 한 문단","계단을 오르거나 내려갈 때 무릎 반응이 다르지만 통증 점수만으로 설명해 온 독자.","오르기·내려가기별 통증 위치, 붓기, 휘청임, 다음 날 영향, 난간 사용을 마주 보게 둔 계단 반응표.","동작 비교 → 오르기 관찰 → 내려가기 관찰 → 중단·평가 신호 → 상담용 한 문단","계단을 오르거나 내려갈 때 무릎 반응이 다르지만 통증 점수만으로 설명해 온 독자.","허리 통증·낙상 글과 달리 계단의 두 방향 반응 비교가 유일한 산출물이다. 관절염 진단, 운동·진통제 처방은 답하지 않는다.","다음 계단 이동 한 번에서 오르기와 내려가기를 따로 체크해, 같은 표의 빈칸을 채워 보세요.","","오르기·내려가기별 통증 위치, 붓기, 휘청임, 다음 날 영향, 난간 사용을 마주 보게 둔 계단 반응표.","무릎이 아프다는 말보다 ‘오를 때와 내려갈 때 무엇이 달랐는지’가 진료에 더 쓸모 있을 수 있습니다. 이 글은 치료법 대신 계단 반응을 나눠 적는 표를 만듭니다.","허리 통증·낙상 글과 달리 계단의 두 방향 반응 비교가 유일한 산출물이다. 관절염 진단, 운동·진통제 처방은 답하지 않는다.","NIAMS: undefined | NHS: undefined | Mayo Clinic: undefined","허리 통증·낙상 글과 달리 계단의 두 방향 반응 비교가 유일한 산출물이다. 관절염 진단, 운동·진통제 처방은 답하지 않는다.","허리 통증·낙상 글과 달리 계단의 두 방향 반응 비교가 유일한 산출물이다. 관절염 진단, 운동·진통제 처방은 답하지 않는다.","동작 비교 → 오르기 관찰 → 내려가기 관찰 → 중단·평가 신호 → 상담용 한 문단","허리 통증·낙상 글과 달리 계단의 두 방향 반응 비교가 유일한 산출물이다. 관절염 진단, 운동·진통제 처방은 답하지 않는다.","오르기·내려가기별 통증 위치, 붓기, 휘청임, 다음 날 영향, 난간 사용을 마주 보게 둔 계단 반응표.","오르기·내려가기별 통증 위치, 붓기, 휘청임, 다음 날 영향, 난간 사용을 마주 보게 둔 계단 반응표.","NIAMS: 골관절염을 진단하지 않고 계단 반응표의 통증·불안정·기능 항목을 정하는 데만 사용한다. | NHS: 중단·평가 신호를 구분하는 일반 안내로만 사용한다. | Mayo Clinic: 개별 치료 선택 없이 상담 필요성의 경계를 설명한다.","오르기·내려가기별 통증 위치, 붓기, 휘청임, 다음 날 영향, 난간 사용을 마주 보게 둔 계단 반응표.","무릎이 아프다는 말보다 ‘오를 때와 내려갈 때 무엇이 달랐는지’가 진료에 더 쓸모 있을 수 있습니다. 이 글은 치료법 대신 계단 반응을 나눠 적는 표를 만듭니다.","통증 점수만으로 놓치는 계단 장면 | 오를 때 남길 네 칸 | 내려갈 때 별도로 볼 세 칸 | 붓기·잠김·휘청임이 더해질 때 | 표를 읽어 주는 상담 문장","오르기와 내려가기 모두 아프면 표를 어떻게 쓰나요? | 운동 뒤 통증도 따로 표시해야 하나요? | 무릎 보호대나 진통제를 먼저 정해도 되나요?","오르기·내려가기별 통증 위치, 붓기, 휘청임, 다음 날 영향, 난간 사용을 마주 보게 둔 계단 반응표."
"a012","done","99","output/wonon/batch-30/drafts/a012-morning-finger-stiffness-context-log.mdx","output/wonon/batch-30/research/a012-finger-stiffness-work-context.json","output/wonon/batch-30/qa/a012.json","손가락이 아픈 아침: 붓기 지속 시간과 반복 작업을 분류하는 기록","morning-finger-stiffness-context-log","손가락이 아픈 아침: 붓기 지속 시간과 반복 작업을 분류하는 기록 중년 여성 건강","관절·손 기능","관절·손 기능","false","관절·손 기능","아침 손가락 통증이 반복되어 단순 사용 탓인지 고민하는 독자","손가락 위치, 아침 뻣뻣함 지속 시간, 좌우, 반복 작업, 물건 쥐기 어려움, 열감을 분리한 증상 분류 기록.","손가락이 아픈 아침: 붓기 지속 시간과 반복 작업을 분류하는 기록","손가락 위치, 아침 뻣뻣함 지속 시간, 좌우, 반복 작업, 물건 쥐기 어려움, 열감을 분리한 증상 분류 기록.","손가락 지도 → 아침 시간축 → 좌우 대조 → 반복 작업 연결 → 진료 질문 조립","아침에 손가락이 뻣뻣하거나 붓는데 집안일·키보드 작업과의 관계를 말하기 어려운 독자.","손가락 위치, 아침 뻣뻣함 지속 시간, 좌우, 반복 작업, 물건 쥐기 어려움, 열감을 분리한 증상 분류 기록.","손가락 지도 → 아침 시간축 → 좌우 대조 → 반복 작업 연결 → 진료 질문 조립","아침에 손가락이 뻣뻣하거나 붓는데 집안일·키보드 작업과의 관계를 말하기 어려운 독자.","무릎·어깨 글과 달리 손가락의 아침 지속 시간과 반복 손 사용이 중심이다. 류머티즘 질환 진단과 보호대 선택은 답하지 않는다.","내일 아침에는 아픈 손가락과 편해진 시각만 먼저 적어, 작업과의 관계는 나중에 덧붙이세요.","","손가락 위치, 아침 뻣뻣함 지속 시간, 좌우, 반복 작업, 물건 쥐기 어려움, 열감을 분리한 증상 분류 기록.","손가락 통증을 ‘손을 많이 써서’라고만 적으면 변화가 흐려집니다. 이 글은 아침의 지속 시간과 반복 작업을 나누어 상담 메모로 바꾸는 방법을 다룹니다.","무릎·어깨 글과 달리 손가락의 아침 지속 시간과 반복 손 사용이 중심이다. 류머티즘 질환 진단과 보호대 선택은 답하지 않는다.","NIAMS: undefined | NHS: undefined | MedlinePlus: undefined","무릎·어깨 글과 달리 손가락의 아침 지속 시간과 반복 손 사용이 중심이다. 류머티즘 질환 진단과 보호대 선택은 답하지 않는다.","무릎·어깨 글과 달리 손가락의 아침 지속 시간과 반복 손 사용이 중심이다. 류머티즘 질환 진단과 보호대 선택은 답하지 않는다.","손가락 지도 → 아침 시간축 → 좌우 대조 → 반복 작업 연결 → 진료 질문 조립","무릎·어깨 글과 달리 손가락의 아침 지속 시간과 반복 손 사용이 중심이다. 류머티즘 질환 진단과 보호대 선택은 답하지 않는다.","손가락 위치, 아침 뻣뻣함 지속 시간, 좌우, 반복 작업, 물건 쥐기 어려움, 열감을 분리한 증상 분류 기록.","손가락 위치, 아침 뻣뻣함 지속 시간, 좌우, 반복 작업, 물건 쥐기 어려움, 열감을 분리한 증상 분류 기록.","NIAMS: 류머티즘 관절염을 암시하거나 진단하지 않고 기록 항목만 확인한다. | NHS: 응급 여부를 단정하지 않는 일반적 안전 경계로 사용한다. | MedlinePlus: 작업 연관성을 기록하는 환자용 언어의 보조 자료로만 쓴다.","손가락 위치, 아침 뻣뻣함 지속 시간, 좌우, 반복 작업, 물건 쥐기 어려움, 열감을 분리한 증상 분류 기록.","손가락 통증을 ‘손을 많이 써서’라고만 적으면 변화가 흐려집니다. 이 글은 아침의 지속 시간과 반복 작업을 나누어 상담 메모로 바꾸는 방법을 다룹니다.","어느 손가락인지 먼저 표시하기 | 아침 뻣뻣함의 끝 시각 적기 | 왼쪽과 오른쪽을 같은 기준으로 보기 | 반복 작업 뒤 달라지는지 확인하기 | 물건을 놓치는 변화까지 질문에 넣기","손가락이 여러 개 아프면 한 장에 적어도 되나요? | 아침 뻣뻣함은 어느 정도까지 재야 하나요? | 보호대 종류를 기록으로 결정할 수 있나요?","손가락 위치, 아침 뻣뻣함 지속 시간, 좌우, 반복 작업, 물건 쥐기 어려움, 열감을 분리한 증상 분류 기록."
"a013","done","99","output/wonon/batch-30/drafts/a013-shoulder-range-daily-actions.mdx","output/wonon/batch-30/research/a013-shoulder-range-daily-actions.json","output/wonon/batch-30/qa/a013.json","어깨가 굳는 느낌: 세 가지 일상 동작으로 제한 범위를 설명하는 법","shoulder-range-daily-actions","어깨가 굳는 느낌: 세 가지 일상 동작으로 제한 범위를 설명하는 법 중년 여성 건강","근골격","근골격","false","근골격","팔을 뒤로 돌리거나 머리 위로 올리기 어려운 독자","머리 감기, 뒤주머니·등 뒤 닿기, 선반 물건 꺼내기에서 가능한 범위와 보상 동작을 적는 일상 동작 범위 카드.","어깨가 굳는 느낌: 세 가지 일상 동작으로 제한 범위를 설명하는 법","머리 감기, 뒤주머니·등 뒤 닿기, 선반 물건 꺼내기에서 가능한 범위와 보상 동작을 적는 일상 동작 범위 카드.","불편 장면 선택 → 세 동작 시연 → 변화 추적 → 빠른 평가 신호 → 진료 설명문","어깨가 불편하지만 통증 숫자 대신 실제로 어려워진 동작을 진료에서 말하고 싶은 독자.","머리 감기, 뒤주머니·등 뒤 닿기, 선반 물건 꺼내기에서 가능한 범위와 보상 동작을 적는 일상 동작 범위 카드.","불편 장면 선택 → 세 동작 시연 → 변화 추적 → 빠른 평가 신호 → 진료 설명문","어깨가 불편하지만 통증 숫자 대신 실제로 어려워진 동작을 진료에서 말하고 싶은 독자.","a011·a012와 달리 어깨의 세 일상 동작 범위가 핵심이다. 오십견 진단과 주사·수술 선택은 답하지 않는다.","오늘 한 동작만 골라 가능한 범위와 대신 쓰는 움직임을 카드에 한 줄로 남기세요.","","머리 감기, 뒤주머니·등 뒤 닿기, 선반 물건 꺼내기에서 가능한 범위와 보상 동작을 적는 일상 동작 범위 카드.","‘어깨가 굳었다’는 말은 사람마다 다른 장면을 뜻합니다. 이 글은 통증 등급을 고르는 대신 세 가지 일상 동작으로 제한 범위를 설명하게 돕습니다.","a011·a012와 달리 어깨의 세 일상 동작 범위가 핵심이다. 오십견 진단과 주사·수술 선택은 답하지 않는다.","NIAMS: undefined | NHS: undefined | AAOS: undefined","a011·a012와 달리 어깨의 세 일상 동작 범위가 핵심이다. 오십견 진단과 주사·수술 선택은 답하지 않는다.","a011·a012와 달리 어깨의 세 일상 동작 범위가 핵심이다. 오십견 진단과 주사·수술 선택은 답하지 않는다.","불편 장면 선택 → 세 동작 시연 → 변화 추적 → 빠른 평가 신호 → 진료 설명문","a011·a012와 달리 어깨의 세 일상 동작 범위가 핵심이다. 오십견 진단과 주사·수술 선택은 답하지 않는다.","머리 감기, 뒤주머니·등 뒤 닿기, 선반 물건 꺼내기에서 가능한 범위와 보상 동작을 적는 일상 동작 범위 카드.","머리 감기, 뒤주머니·등 뒤 닿기, 선반 물건 꺼내기에서 가능한 범위와 보상 동작을 적는 일상 동작 범위 카드.","NIAMS: 어깨 질환명을 확정하지 않고 일상 동작 범위 카드의 관찰 항목에만 사용한다. | NHS: 개인 진단 없이 평가 필요성을 구분하는 데 사용한다. | AAOS: 오십견 진단을 내리지 않고 용어 오해를 줄이는 보조 정보로 사용한다.","머리 감기, 뒤주머니·등 뒤 닿기, 선반 물건 꺼내기에서 가능한 범위와 보상 동작을 적는 일상 동작 범위 카드.","‘어깨가 굳었다’는 말은 사람마다 다른 장면을 뜻합니다. 이 글은 통증 등급을 고르는 대신 세 가지 일상 동작으로 제한 범위를 설명하게 돕습니다.","통증보다 먼저 고를 일상 장면 | 머리 위 동작의 실제 범위 | 등 뒤 동작에서 보상하는 방식 | 선반 동작과 갑작스러운 약화 | 카드를 진료실 문장으로 바꾸기","세 동작 모두 못 하면 어떻게 기록하나요? | 한쪽만 아픈 경우 반대쪽도 적나요? | 스트레칭을 시작해도 되는지 카드가 답해 주나요?","머리 감기, 뒤주머니·등 뒤 닿기, 선반 물건 꺼내기에서 가능한 범위와 보상 동작을 적는 일상 동작 범위 카드."
"a014","done","99","output/wonon/batch-30/drafts/a014-daytime-balance-risk-sketch.mdx","output/wonon/batch-30/research/a014-daytime-balance-risk-sketch.json","output/wonon/batch-30/qa/a014.json","집 안에서 휘청한 뒤: 시간대별 위험 장면을 찾는 낙상 스케치","daytime-balance-risk-sketch","집 안에서 휘청한 뒤: 시간대별 위험 장면을 찾는 낙상 스케치 중년 여성 건강","낙상 예방","낙상 예방","false","낙상 예방","낮에 방향을 바꾸다 휘청해 집안 낙상이 걱정되는 독자","아침·오후·저녁의 방별 동선, 조명, 바닥 상태, 신발, 손에 든 물건, 휘청한 방향을 그린 시간대별 집안 위험 스케치.","집 안에서 휘청한 뒤: 시간대별 위험 장면을 찾는 낙상 스케치","아침·오후·저녁의 방별 동선, 조명, 바닥 상태, 신발, 손에 든 물건, 휘청한 방향을 그린 시간대별 집안 위험 스케치.","휘청 장면 복기 → 시간대 레이어 → 환경 레이어 → 신경학적 경고 분리 → 스케치 활용","낮 시간 집 안에서 휘청했지만 실제로 넘어지지는 않아 원인과 환경을 구분해 보고 싶은 독자.","아침·오후·저녁의 방별 동선, 조명, 바닥 상태, 신발, 손에 든 물건, 휘청한 방향을 그린 시간대별 집안 위험 스케치.","휘청 장면 복기 → 시간대 레이어 → 환경 레이어 → 신경학적 경고 분리 → 스케치 활용","낮 시간 집 안에서 휘청했지만 실제로 넘어지지는 않아 원인과 환경을 구분해 보고 싶은 독자.","b009의 계단 근력·낙상 장면, b014의 야간뇨 동선과 달리 이 글은 ‘낮 시간 집 안 균형’의 환경 스케치만 다룬다. 보행보조기 처방은 답하지 않는다.","오늘 이동한 집 안 동선 하나에 휘청한 방향과 그때의 조명만 표시해 보세요.","","아침·오후·저녁의 방별 동선, 조명, 바닥 상태, 신발, 손에 든 물건, 휘청한 방향을 그린 시간대별 집안 위험 스케치.","낙상은 실제로 넘어졌을 때만 기록할 일이 아닙니다. 이 글은 야간 화장실 동선이나 근력 훈련이 아니라, 낮의 집 안에서 휘청한 장면을 시간대와 환경으로 그리는 스케치입니다.","b009의 계단 근력·낙상 장면, b014의 야간뇨 동선과 달리 이 글은 ‘낮 시간 집 안 균형’의 환경 스케치만 다룬다. 보행보조기 처방은 답하지 않는다.","CDC: undefined | NINDS: undefined | NHS: undefined","b009의 계단 근력·낙상 장면, b014의 야간뇨 동선과 달리 이 글은 ‘낮 시간 집 안 균형’의 환경 스케치만 다룬다. 보행보조기 처방은 답하지 않는다.","b009의 계단 근력·낙상 장면, b014의 야간뇨 동선과 달리 이 글은 ‘낮 시간 집 안 균형’의 환경 스케치만 다룬다. 보행보조기 처방은 답하지 않는다.","휘청 장면 복기 → 시간대 레이어 → 환경 레이어 → 신경학적 경고 분리 → 스케치 활용","b009의 계단 근력·낙상 장면, b014의 야간뇨 동선과 달리 이 글은 ‘낮 시간 집 안 균형’의 환경 스케치만 다룬다. 보행보조기 처방은 답하지 않는다.","아침·오후·저녁의 방별 동선, 조명, 바닥 상태, 신발, 손에 든 물건, 휘청한 방향을 그린 시간대별 집안 위험 스케치.","아침·오후·저녁의 방별 동선, 조명, 바닥 상태, 신발, 손에 든 물건, 휘청한 방향을 그린 시간대별 집안 위험 스케치.","CDC: 중년 독자에게도 환경 관찰 원칙만 적용하며 개인 낙상 위험도를 계산하지 않는다. | NINDS: 응급 판단을 대신하지 않고 즉시 도움을 받아야 할 신호를 분리하는 데 사용한다. | NHS: 낙상 원인 진단 없이 스케치의 기록 요소를 정한다.","아침·오후·저녁의 방별 동선, 조명, 바닥 상태, 신발, 손에 든 물건, 휘청한 방향을 그린 시간대별 집안 위험 스케치.","낙상은 실제로 넘어졌을 때만 기록할 일이 아닙니다. 이 글은 야간 화장실 동선이나 근력 훈련이 아니라, 낮의 집 안에서 휘청한 장면을 시간대와 환경으로 그리는 스케치입니다.","휘청한 순간을 방과 방향으로 다시 그리기 | 아침·오후·저녁에 다른 위험 표시하기 | 조명·바닥·신발·손짐을 분리하기 | 말 어눌함·한쪽 약화가 함께 올 때 | 가족이나 진료실에 스케치를 보여 주는 법","넘어지지 않았어도 스케치를 해야 하나요? | 어지럼과 휘청임을 어떻게 다르게 적나요? | 보행보조기를 이 글만 보고 골라도 되나요?","아침·오후·저녁의 방별 동선, 조명, 바닥 상태, 신발, 손에 든 물건, 휘청한 방향을 그린 시간대별 집안 위험 스케치."
"a015","done","99","output/wonon/batch-30/drafts/a015-chair-rise-function-card.mdx","output/wonon/batch-30/research/a015-chair-rise-function-card.json","output/wonon/batch-30/qa/a015.json","의자에서 일어날 때 버거울 때: 체중보다 먼저 보는 생활 기능 카드","chair-rise-function-card","의자에서 일어날 때 버거울 때: 체중보다 먼저 보는 생활 기능 카드 중년 여성 건강","근력·기능","근력·기능","false","근력·기능","의자에서 일어나거나 장바구니를 들 때 이전보다 버거운 독자","의자 일어서기, 화장실 이동, 장바구니 들기, 계단 첫 칸, 최근 급격한 변화의 다섯 칸을 가진 생활 기능 카드.","의자에서 일어날 때 버거울 때: 체중보다 먼저 보는 생활 기능 카드","의자 일어서기, 화장실 이동, 장바구니 들기, 계단 첫 칸, 최근 급격한 변화의 다섯 칸을 가진 생활 기능 카드.","기능 기준선 → 다섯 생활 동작 → 이전과의 차이 → 급격한 변화 → 상담용 카드","낮은 의자에서 일어나거나 장을 들고 걷는 일이 이전보다 버겁지만 체중 문제로만 여기고 있는 독자.","의자 일어서기, 화장실 이동, 장바구니 들기, 계단 첫 칸, 최근 급격한 변화의 다섯 칸을 가진 생활 기능 카드.","기능 기준선 → 다섯 생활 동작 → 이전과의 차이 → 급격한 변화 → 상담용 카드","낮은 의자에서 일어나거나 장을 들고 걷는 일이 이전보다 버겁지만 체중 문제로만 여기고 있는 독자.","무릎 통증(a011)과 달리 통증 부위가 아닌 전반적 생활 기능 변화가 주제다. 근감소증 진단과 단백질·운동 처방은 답하지 않는다.","오늘은 횟수 대신 ‘예전과 비교해 필요한 도움’만 다섯 생활 동작 옆에 적으세요.","","의자 일어서기, 화장실 이동, 장바구니 들기, 계단 첫 칸, 최근 급격한 변화의 다섯 칸을 가진 생활 기능 카드.","‘살이 쪄서 그런가’라는 설명은 기능 변화의 시점을 가릴 수 있습니다. 이 글은 근육량을 판정하지 않고, 의자에서 일어나는 것처럼 익숙한 동작의 변화를 카드로 옮깁니다.","무릎 통증(a011)과 달리 통증 부위가 아닌 전반적 생활 기능 변화가 주제다. 근감소증 진단과 단백질·운동 처방은 답하지 않는다.","NIA: undefined | MedlinePlus (NIH/NLM): undefined | CDC: undefined","무릎 통증(a011)과 달리 통증 부위가 아닌 전반적 생활 기능 변화가 주제다. 근감소증 진단과 단백질·운동 처방은 답하지 않는다.","무릎 통증(a011)과 달리 통증 부위가 아닌 전반적 생활 기능 변화가 주제다. 근감소증 진단과 단백질·운동 처방은 답하지 않는다.","기능 기준선 → 다섯 생활 동작 → 이전과의 차이 → 급격한 변화 → 상담용 카드","무릎 통증(a011)과 달리 통증 부위가 아닌 전반적 생활 기능 변화가 주제다. 근감소증 진단과 단백질·운동 처방은 답하지 않는다.","의자 일어서기, 화장실 이동, 장바구니 들기, 계단 첫 칸, 최근 급격한 변화의 다섯 칸을 가진 생활 기능 카드.","의자 일어서기, 화장실 이동, 장바구니 들기, 계단 첫 칸, 최근 급격한 변화의 다섯 칸을 가진 생활 기능 카드.","NIA: 운동 처방으로 전환하지 않고 기능 카드의 목적을 설명한다. | MedlinePlus (NIH/NLM): 근감소증이나 특정 신경·근육 질환을 추정하지 않고, 생활 기능 카드에서 ‘최근 급격한 변화’를 의료진에게 알릴 경계로만 사용한다. | CDC: 개인의 운동량이나 치료 계획을 지시하지 않는다.","의자 일어서기, 화장실 이동, 장바구니 들기, 계단 첫 칸, 최근 급격한 변화의 다섯 칸을 가진 생활 기능 카드.","‘살이 쪄서 그런가’라는 설명은 기능 변화의 시점을 가릴 수 있습니다. 이 글은 근육량을 판정하지 않고, 의자에서 일어나는 것처럼 익숙한 동작의 변화를 카드로 옮깁니다.","체중보다 생활 기능을 먼저 묻는 이유 | 의자에서 일어나는 동작 한 칸 | 집 안 이동과 물건 들기의 다른 칸 | 며칠 사이 급격히 달라졌는지 보기 | 카드를 들고 상담할 때의 질문","무릎 통증 때문에 어려운 경우도 이 카드에 적나요? | 반복 횟수를 재야 하나요? | 단백질이나 운동 계획을 바로 시작해도 되나요?","의자 일어서기, 화장실 이동, 장바구니 들기, 계단 첫 칸, 최근 급격한 변화의 다섯 칸을 가진 생활 기능 카드."
"a016","done","99","output/wonon/batch-30/drafts/a016-workplace-hot-flash-script.mdx","output/wonon/batch-30/research/a016-workplace-hot-flash-script.json","output/wonon/batch-30/qa/a016.json","회의 중 열감이 올 때: 업무 환경을 바꾸기 위한 짧은 요청 문장","workplace-hot-flash-script","회의 중 열감이 올 때: 업무 환경을 바꾸기 위한 짧은 요청 문장 중년 여성 건강","갱년기·직장","갱년기·직장","false","갱년기·직장","회의나 고객 응대 중 열감으로 업무가 흔들리는 독자","자리·환기·물·짧은 휴식·온라인 접속 같은 환경 항목과, 상사·동료·회의 진행자에게 쓰는 세 가지 짧은 요청 문장.","회의 중 열감이 올 때: 업무 환경을 바꾸기 위한 짧은 요청 문장","자리·환기·물·짧은 휴식·온라인 접속 같은 환경 항목과, 상사·동료·회의 진행자에게 쓰는 세 가지 짧은 요청 문장.","업무 장면 선택 → 필요한 환경 번역 → 상대별 짧은 문장 → 사전 공유 범위 → 의료 상담 경계","회의 중 열감·땀이 올라와 업무에 지장이 있지만 병력 공개 없이 환경 조정을 요청하고 싶은 독자.","자리·환기·물·짧은 휴식·온라인 접속 같은 환경 항목과, 상사·동료·회의 진행자에게 쓰는 세 가지 짧은 요청 문장.","업무 장면 선택 → 필요한 환경 번역 → 상대별 짧은 문장 → 사전 공유 범위 → 의료 상담 경계","회의 중 열감·땀이 올라와 업무에 지장이 있지만 병력 공개 없이 환경 조정을 요청하고 싶은 독자.","b003의 두근거림 기록, 기존 열감 일지와 달리 증상 패턴이 아니라 직장 환경 요청 문장이 산출물이다. 호르몬 치료 선택과 사업장 제도 해석은 답하지 않는다.","다음 회의 전에 가장 필요한 환경 한 가지와 그에 맞는 짧은 요청 문장 하나만 휴대전화에 저장하세요.","","자리·환기·물·짧은 휴식·온라인 접속 같은 환경 항목과, 상사·동료·회의 진행자에게 쓰는 세 가지 짧은 요청 문장.","회의 중 열감은 참거나 상세한 건강 정보를 공개해야만 해결되는 문제가 아닙니다. 이 글은 증상 치료 기록과 달리, 업무 환경을 바꿔 달라고 말하는 짧고 선택 가능한 문장을 준비합니다.","b003의 두근거림 기록, 기존 열감 일지와 달리 증상 패턴이 아니라 직장 환경 요청 문장이 산출물이다. 호르몬 치료 선택과 사업장 제도 해석은 답하지 않는다.","NIA: undefined | ACOG: undefined | EEOC: undefined","b003의 두근거림 기록, 기존 열감 일지와 달리 증상 패턴이 아니라 직장 환경 요청 문장이 산출물이다. 호르몬 치료 선택과 사업장 제도 해석은 답하지 않는다.","b003의 두근거림 기록, 기존 열감 일지와 달리 증상 패턴이 아니라 직장 환경 요청 문장이 산출물이다. 호르몬 치료 선택과 사업장 제도 해석은 답하지 않는다.","업무 장면 선택 → 필요한 환경 번역 → 상대별 짧은 문장 → 사전 공유 범위 → 의료 상담 경계","b003의 두근거림 기록, 기존 열감 일지와 달리 증상 패턴이 아니라 직장 환경 요청 문장이 산출물이다. 호르몬 치료 선택과 사업장 제도 해석은 답하지 않는다.","자리·환기·물·짧은 휴식·온라인 접속 같은 환경 항목과, 상사·동료·회의 진행자에게 쓰는 세 가지 짧은 요청 문장.","자리·환기·물·짧은 휴식·온라인 접속 같은 환경 항목과, 상사·동료·회의 진행자에게 쓰는 세 가지 짧은 요청 문장.","NIA: 치료를 권하지 않고 환경 조정 요청의 배경을 설명하는 데만 사용한다. | ACOG: 개인 치료 선택을 대신하지 않고 상담 경계를 설정한다. | EEOC: 한국 사업장 제도·법률 해석으로 사용하지 않고 요청 문장 설계의 참고로만 쓴다.","자리·환기·물·짧은 휴식·온라인 접속 같은 환경 항목과, 상사·동료·회의 진행자에게 쓰는 세 가지 짧은 요청 문장.","회의 중 열감은 참거나 상세한 건강 정보를 공개해야만 해결되는 문제가 아닙니다. 이 글은 증상 치료 기록과 달리, 업무 환경을 바꿔 달라고 말하는 짧고 선택 가능한 문장을 준비합니다.","열감이 업무를 방해한 정확한 장면 | 환경 요구를 한 단어로 바꾸기 | 상사에게 말하는 한 문장 | 동료·진행자에게 말하는 더 짧은 문장 | 업무 요청과 진료 상담을 분리하는 기준","갱년기라는 말을 하지 않고도 요청할 수 있나요? | 회의 중간에 나가야 할 때 어떤 문장이 자연스러운가요? | 회사 제도를 이 글로 해석해도 되나요?","자리·환기·물·짧은 휴식·온라인 접속 같은 환경 항목과, 상사·동료·회의 진행자에게 쓰는 세 가지 짧은 요청 문장."
"a017","done","99","output/wonon/batch-30/drafts/a017-memory-change-timeline.mdx","output/wonon/batch-30/research/a017-menopause-brain-fog-timeline.json","output/wonon/batch-30/qa/a017.json","건망증이 늘었다고 느낄 때: 기억 자체보다 시간 흐름을 적는 2주표","memory-change-timeline","건망증이 늘었다고 느낄 때: 기억 자체보다 시간 흐름을 적는 2주표 중년 여성 건강","인지·일상","인지·일상","false","인지·일상","약속을 잊거나 물건을 찾는 일이 늘어 불안한 독자","첫 주와 둘째 주에 발생 장면, 수면·스트레스, 일상 기능 영향, 타인이 알아챈 변화, 갑작스러운 시작 여부를 적는 2주 인지 변화 타임라인.","건망증이 늘었다고 느낄 때: 기억 자체보다 시간 흐름을 적는 2주표","첫 주와 둘째 주에 발생 장면, 수면·스트레스, 일상 기능 영향, 타인이 알아챈 변화, 갑작스러운 시작 여부를 적는 2주 인지 변화 타임라인.","걱정의 범위 → 첫 주 관찰 → 둘째 주 비교 → 기능 영향 표시 → 즉시·상담 신호","약속·물건 위치를 잊는 일이 늘었다고 느끼지만 단순 건망증인지 변화를 상담해야 할지 시간 흐름으로 정리하고 싶은 독자.","첫 주와 둘째 주에 발생 장면, 수면·스트레스, 일상 기능 영향, 타인이 알아챈 변화, 갑작스러운 시작 여부를 적는 2주 인지 변화 타임라인.","걱정의 범위 → 첫 주 관찰 → 둘째 주 비교 → 기능 영향 표시 → 즉시·상담 신호","약속·물건 위치를 잊는 일이 늘었다고 느끼지만 단순 건망증인지 변화를 상담해야 할지 시간 흐름으로 정리하고 싶은 독자.","수면·기분 글과 달리 기억력 자체의 점수가 아니라 2주 시간축과 일상 기능 영향이 중심이다. 치매 선별과 인지훈련은 답하지 않는다.","오늘부터 기억 실수의 정답을 찾지 말고, 발생 시각과 그날 달라진 기능만 첫 주 표에 남기세요.","","첫 주와 둘째 주에 발생 장면, 수면·스트레스, 일상 기능 영향, 타인이 알아챈 변화, 갑작스러운 시작 여부를 적는 2주 인지 변화 타임라인.","기억 실수 하나는 누구에게나 있을 수 있지만, 언제 시작했고 생활에 무엇이 달라졌는지는 따로 살펴볼 수 있습니다. 이 글은 자가 선별검사가 아니라 2주간의 시간 흐름을 적는 표입니다.","수면·기분 글과 달리 기억력 자체의 점수가 아니라 2주 시간축과 일상 기능 영향이 중심이다. 치매 선별과 인지훈련은 답하지 않는다.","NIA: undefined | NINDS: undefined | Alzheimer's Association: undefined","수면·기분 글과 달리 기억력 자체의 점수가 아니라 2주 시간축과 일상 기능 영향이 중심이다. 치매 선별과 인지훈련은 답하지 않는다.","수면·기분 글과 달리 기억력 자체의 점수가 아니라 2주 시간축과 일상 기능 영향이 중심이다. 치매 선별과 인지훈련은 답하지 않는다.","걱정의 범위 → 첫 주 관찰 → 둘째 주 비교 → 기능 영향 표시 → 즉시·상담 신호","수면·기분 글과 달리 기억력 자체의 점수가 아니라 2주 시간축과 일상 기능 영향이 중심이다. 치매 선별과 인지훈련은 답하지 않는다.","첫 주와 둘째 주에 발생 장면, 수면·스트레스, 일상 기능 영향, 타인이 알아챈 변화, 갑작스러운 시작 여부를 적는 2주 인지 변화 타임라인.","첫 주와 둘째 주에 발생 장면, 수면·스트레스, 일상 기능 영향, 타인이 알아챈 변화, 갑작스러운 시작 여부를 적는 2주 인지 변화 타임라인.","NIA: 치매를 판정하지 않고 상담용 시간표의 경계를 설명한다. | NINDS: 응급 질환을 진단하지 않고 기다리지 않을 신호를 안내한다. | Alzheimer's Association: 자가 진단 목록이 아니라 기능 영향 기록 항목의 참고로만 사용한다.","첫 주와 둘째 주에 발생 장면, 수면·스트레스, 일상 기능 영향, 타인이 알아챈 변화, 갑작스러운 시작 여부를 적는 2주 인지 변화 타임라인.","기억 실수 하나는 누구에게나 있을 수 있지만, 언제 시작했고 생활에 무엇이 달라졌는지는 따로 살펴볼 수 있습니다. 이 글은 자가 선별검사가 아니라 2주간의 시간 흐름을 적는 표입니다.","기억 걱정을 시간표로 바꾸는 이유 | 첫 주에 사건과 맥락을 함께 적기 | 둘째 주에 반복과 변화를 비교하기 | 돈·약·약속 같은 기능 영향 표시하기 | 갑작스러운 혼란은 기다리지 않는 경계","기억력 테스트를 함께 해도 되나요? | 가족이 알아챈 변화는 어떻게 적나요? | 갑자기 혼란스러워진 경우에도 2주를 채워야 하나요?","첫 주와 둘째 주에 발생 장면, 수면·스트레스, 일상 기능 영향, 타인이 알아챈 변화, 갑작스러운 시작 여부를 적는 2주 인지 변화 타임라인."
"a018","done","99","output/wonon/batch-30/drafts/a018-sexual-pain-visit-note.mdx","output/wonon/batch-30/research/a018-sexual-pain-visit-note.json","output/wonon/batch-30/qa/a018.json","성관계 중 통증이 있을 때: 위치·시점·출혈을 나눠 적는 진료 메모","sexual-pain-visit-note","성관계 중 통증이 있을 때: 위치·시점·출혈을 나눠 적는 진료 메모 중년 여성 건강","성·비뇨생식기","성·비뇨생식기","false","성·비뇨생식기","성관계 중 통증이 반복되어 말하기 어려운 독자","삽입 전·중·후, 통증 위치·느낌, 출혈·분비물·배뇨 통증 여부, 시작 시점, 중단 여부를 선택식으로 적는 통증 위치 진료 메모.","성관계 중 통증이 있을 때: 위치·시점·출혈을 나눠 적는 진료 메모","삽입 전·중·후, 통증 위치·느낌, 출혈·분비물·배뇨 통증 여부, 시작 시점, 중단 여부를 선택식으로 적는 통증 위치 진료 메모.","말하기 어려운 장면 → 위치·시점 분리 → 동반 신호 확인 → 진료 언어 연습 → 제품·진단의 경계","성관계 중 통증이 있었지만 말하기 어렵고, 요실금이나 질 건조 일반 정보와 다른 구체적 증상을 존중하는 언어로 정리하고 싶은 독자.","삽입 전·중·후, 통증 위치·느낌, 출혈·분비물·배뇨 통증 여부, 시작 시점, 중단 여부를 선택식으로 적는 통증 위치 진료 메모.","말하기 어려운 장면 → 위치·시점 분리 → 동반 신호 확인 → 진료 언어 연습 → 제품·진단의 경계","성관계 중 통증이 있었지만 말하기 어렵고, 요실금이나 질 건조 일반 정보와 다른 구체적 증상을 존중하는 언어로 정리하고 싶은 독자.","b013의 요실금·배뇨 증상 및 기존 GSM 개요와 달리 이 글은 성관계 중 통증의 위치·시점·출혈 메모만 다룬다. 감염 진단과 윤활제·호르몬 제품 선택은 답하지 않는다.","다음 진료 전, 통증의 원인을 추측하지 말고 ‘언제·어디가·무엇과 함께’만 메모의 세 칸에 적으세요.","","삽입 전·중·후, 통증 위치·느낌, 출혈·분비물·배뇨 통증 여부, 시작 시점, 중단 여부를 선택식으로 적는 통증 위치 진료 메모.","성관계 중 통증은 참고 넘기거나 한 단어로 말할 일이 아닙니다. 이 글은 요실금 메모나 제품 추천과 분리해, 위치·시점·출혈을 존중하는 언어로 정리하게 돕습니다.","b013의 요실금·배뇨 증상 및 기존 GSM 개요와 달리 이 글은 성관계 중 통증의 위치·시점·출혈 메모만 다룬다. 감염 진단과 윤활제·호르몬 제품 선택은 답하지 않는다.","ACOG: undefined | NHS: undefined | The Menopause Society: undefined","b013의 요실금·배뇨 증상 및 기존 GSM 개요와 달리 이 글은 성관계 중 통증의 위치·시점·출혈 메모만 다룬다. 감염 진단과 윤활제·호르몬 제품 선택은 답하지 않는다.","b013의 요실금·배뇨 증상 및 기존 GSM 개요와 달리 이 글은 성관계 중 통증의 위치·시점·출혈 메모만 다룬다. 감염 진단과 윤활제·호르몬 제품 선택은 답하지 않는다.","말하기 어려운 장면 → 위치·시점 분리 → 동반 신호 확인 → 진료 언어 연습 → 제품·진단의 경계","b013의 요실금·배뇨 증상 및 기존 GSM 개요와 달리 이 글은 성관계 중 통증의 위치·시점·출혈 메모만 다룬다. 감염 진단과 윤활제·호르몬 제품 선택은 답하지 않는다.","삽입 전·중·후, 통증 위치·느낌, 출혈·분비물·배뇨 통증 여부, 시작 시점, 중단 여부를 선택식으로 적는 통증 위치 진료 메모.","삽입 전·중·후, 통증 위치·느낌, 출혈·분비물·배뇨 통증 여부, 시작 시점, 중단 여부를 선택식으로 적는 통증 위치 진료 메모.","ACOG: 성교통의 원인을 진단하지 않고 진료 메모 항목만 확인한다. | NHS: 성교통·감염·자궁내막증 등 개별 질환을 판정하지 않고, 통증 위치 진료 메모에서 동반 증상을 분리해 알릴 필요만 설명한다. | The Menopause Society: GSM을 진단하지 않고 기존 GSM 개요와의 연결 맥락만 확인한다.","삽입 전·중·후, 통증 위치·느낌, 출혈·분비물·배뇨 통증 여부, 시작 시점, 중단 여부를 선택식으로 적는 통증 위치 진료 메모.","성관계 중 통증은 참고 넘기거나 한 단어로 말할 일이 아닙니다. 이 글은 요실금 메모나 제품 추천과 분리해, 위치·시점·출혈을 존중하는 언어로 정리하게 돕습니다.","말하기 전 적어 두면 쉬운 사실 | 삽입 전·중·후를 나누는 이유 | 통증 위치와 느낌을 선택하는 법 | 출혈·분비물·배뇨 증상을 따로 표시하기 | 진료실에서 쓸 첫 문장","통증 위치를 정확히 모르면 어떻게 적나요? | 출혈이 있으면 다음 예약까지 기다려도 되나요? | 윤활제나 호르몬 제품을 이 글로 고를 수 있나요?","삽입 전·중·후, 통증 위치·느낌, 출혈·분비물·배뇨 통증 여부, 시작 시점, 중단 여부를 선택식으로 적는 통증 위치 진료 메모."
"a019","done","99","output/wonon/batch-30/drafts/a019-mood-function-signal-light.mdx","output/wonon/batch-30/research/a019-mood-function-signal-light.json","output/wonon/batch-30/qa/a019.json","기분 저하가 이어질 때: ‘갱년기 기분’과 일상 기능을 함께 보는 신호등","mood-function-signal-light","기분 저하가 이어질 때: ‘갱년기 기분’과 일상 기능을 함께 보는 신호등 중년 여성 건강","마음 건강","마음 건강","false","마음 건강","기분이 가라앉고 일·관계·자기돌봄이 흔들리는 독자","수면·식사·출근·돌봄·사람 만나기·안전 생각의 변화에 따라 녹색·노란색·빨간색으로 표시하는 일상 기능 신호등.","기분 저하가 이어질 때: ‘갱년기 기분’과 일상 기능을 함께 보는 신호등","수면·식사·출근·돌봄·사람 만나기·안전 생각의 변화에 따라 녹색·노란색·빨간색으로 표시하는 일상 기능 신호등.","기분 명명 → 녹색 기능 변화 → 노란 지속·축소 → 빨간 안전 신호 → 도움 요청 경로","기분이 가라앉고 의욕이 줄어 이를 갱년기 탓으로만 넘길지, 일상 기능 변화를 함께 보고 도움을 요청할지 고민하는 독자.","수면·식사·출근·돌봄·사람 만나기·안전 생각의 변화에 따라 녹색·노란색·빨간색으로 표시하는 일상 기능 신호등.","기분 명명 → 녹색 기능 변화 → 노란 지속·축소 → 빨간 안전 신호 → 도움 요청 경로","기분이 가라앉고 의욕이 줄어 이를 갱년기 탓으로만 넘길지, 일상 기능 변화를 함께 보고 도움을 요청할지 고민하는 독자.","수면-기분 이중 로그와 달리 이 글의 산출물은 기간이 아니라 일상 기능과 안전 생각을 분류하는 신호등이다. 우울증 진단과 약물·상담 방식 선택은 답하지 않는다.","오늘은 기분 점수 대신 미뤄진 일 하나와 연결이 끊긴 사람 한 명을 신호등에 표시하고, 빨간 신호면 즉시 도움을 요청하세요.","","수면·식사·출근·돌봄·사람 만나기·안전 생각의 변화에 따라 녹색·노란색·빨간색으로 표시하는 일상 기능 신호등.","‘갱년기라 예민한가 보다’라는 말은 괴로움의 크기와 안전 신호를 가릴 수 있습니다. 이 글은 우울증을 자가 진단하지 않고, 기분보다 일상 기능과 자해 생각을 먼저 분류하는 신호등입니다.","수면-기분 이중 로그와 달리 이 글의 산출물은 기간이 아니라 일상 기능과 안전 생각을 분류하는 신호등이다. 우울증 진단과 약물·상담 방식 선택은 답하지 않는다.","NIMH: undefined | NIMH: undefined | NIA: undefined","수면-기분 이중 로그와 달리 이 글의 산출물은 기간이 아니라 일상 기능과 안전 생각을 분류하는 신호등이다. 우울증 진단과 약물·상담 방식 선택은 답하지 않는다.","수면-기분 이중 로그와 달리 이 글의 산출물은 기간이 아니라 일상 기능과 안전 생각을 분류하는 신호등이다. 우울증 진단과 약물·상담 방식 선택은 답하지 않는다.","기분 명명 → 녹색 기능 변화 → 노란 지속·축소 → 빨간 안전 신호 → 도움 요청 경로","수면-기분 이중 로그와 달리 이 글의 산출물은 기간이 아니라 일상 기능과 안전 생각을 분류하는 신호등이다. 우울증 진단과 약물·상담 방식 선택은 답하지 않는다.","수면·식사·출근·돌봄·사람 만나기·안전 생각의 변화에 따라 녹색·노란색·빨간색으로 표시하는 일상 기능 신호등.","수면·식사·출근·돌봄·사람 만나기·안전 생각의 변화에 따라 녹색·노란색·빨간색으로 표시하는 일상 기능 신호등.","NIMH: 우울증을 진단하지 않고 기능 변화 기록의 중요성을 설명한다. | NIMH: 위기 지원을 대신하지 않으며 한국 독자에게는 109·119 등 현지 긴급 지원을 확인해 안내한다. | NIA: 갱년기와 우울의 인과를 단정하지 않는 보조 근거로 사용한다.","수면·식사·출근·돌봄·사람 만나기·안전 생각의 변화에 따라 녹색·노란색·빨간색으로 표시하는 일상 기능 신호등.","‘갱년기라 예민한가 보다’라는 말은 괴로움의 크기와 안전 신호를 가릴 수 있습니다. 이 글은 우울증을 자가 진단하지 않고, 기분보다 일상 기능과 자해 생각을 먼저 분류하는 신호등입니다.","기분을 고치려 하기 전 기능을 보는 이유 | 녹색: 일상은 유지되지만 변화가 있는 때 | 노란색: 일·관계·돌봄이 줄어드는 때 | 빨간색: 자신을 해칠 생각 또는 안전이 흔들리는 때 | 도움을 요청할 때 말할 세 문장","얼마나 오래 지속돼야 노란색인가요? | 갱년기 증상과 우울감을 스스로 구분할 수 있나요? | 자해 생각이 잠깐 스쳐도 바로 도움을 받아야 하나요?","수면·식사·출근·돌봄·사람 만나기·안전 생각의 변화에 따라 녹색·노란색·빨간색으로 표시하는 일상 기능 신호등."
"a020","done","99","output/wonon/batch-30/drafts/a020-itch-rash-safety-note.mdx","output/wonon/batch-30/research/a020-itch-rash-safety-note.json","output/wonon/batch-30/qa/a020.json","피부가 가려울 때: 보습 전에 확인할 발진 사진·전신 신호 메모","itch-rash-safety-note","피부가 가려울 때: 보습 전에 확인할 발진 사진·전신 신호 메모 중년 여성 건강","피부·안전","피부·안전","false","피부·안전","피부가 가려워 보습만 계속해도 되는지 고민하는 독자","발진의 시작 시각·부위·모양, 새 약·식품·화장품·세제 노출, 입술·혀 붓기·호흡 변화·발열을 칸으로 나눈 가려움 안전 메모.","피부가 가려울 때: 보습 전에 확인할 발진 사진·전신 신호 메모","발진의 시작 시각·부위·모양, 새 약·식품·화장품·세제 노출, 입술·혀 붓기·호흡 변화·발열을 칸으로 나눈 가려움 안전 메모.","가려움 장면 → 사진 기준 → 노출 되짚기 → 전신 신호 → 즉시 도움과 사진 활용","가려움이 생겨 보습제를 바르려 하지만 발진 모양·새 노출·호흡 변화 같은 안전 신호를 먼저 확인하고 싶은 독자.","발진의 시작 시각·부위·모양, 새 약·식품·화장품·세제 노출, 입술·혀 붓기·호흡 변화·발열을 칸으로 나눈 가려움 안전 메모.","가려움 장면 → 사진 기준 → 노출 되짚기 → 전신 신호 → 즉시 도움과 사진 활용","가려움이 생겨 보습제를 바르려 하지만 발진 모양·새 노출·호흡 변화 같은 안전 신호를 먼저 확인하고 싶은 독자.","일반 보습·피부 관리 글과 달리 발진 사진, 노출, 호흡·전신 신호의 안전 분류가 핵심이다. 피부질환 진단과 외용제 추천은 답하지 않는다.","오늘은 가려운 부위만 적지 말고, 시작 전 24시간의 새 노출 한 가지와 전신 신호 유무를 함께 체크하세요.","","발진의 시작 시각·부위·모양, 새 약·식품·화장품·세제 노출, 입술·혀 붓기·호흡 변화·발열을 칸으로 나눈 가려움 안전 메모.","가려움은 흔하지만 모든 가려움을 같은 보습 단계로 시작할 수는 없습니다. 이 글은 피부 질환을 맞히는 대신 사진·노출·전신 신호를 분리한 안전 메모를 만듭니다.","일반 보습·피부 관리 글과 달리 발진 사진, 노출, 호흡·전신 신호의 안전 분류가 핵심이다. 피부질환 진단과 외용제 추천은 답하지 않는다.","NHS: undefined | AAD: undefined | MedlinePlus: undefined","일반 보습·피부 관리 글과 달리 발진 사진, 노출, 호흡·전신 신호의 안전 분류가 핵심이다. 피부질환 진단과 외용제 추천은 답하지 않는다.","일반 보습·피부 관리 글과 달리 발진 사진, 노출, 호흡·전신 신호의 안전 분류가 핵심이다. 피부질환 진단과 외용제 추천은 답하지 않는다.","가려움 장면 → 사진 기준 → 노출 되짚기 → 전신 신호 → 즉시 도움과 사진 활용","일반 보습·피부 관리 글과 달리 발진 사진, 노출, 호흡·전신 신호의 안전 분류가 핵심이다. 피부질환 진단과 외용제 추천은 답하지 않는다.","발진의 시작 시각·부위·모양, 새 약·식품·화장품·세제 노출, 입술·혀 붓기·호흡 변화·발열을 칸으로 나눈 가려움 안전 메모.","발진의 시작 시각·부위·모양, 새 약·식품·화장품·세제 노출, 입술·혀 붓기·호흡 변화·발열을 칸으로 나눈 가려움 안전 메모.","NHS: 알레르기 원인을 진단하지 않고 응급 신호를 구분하는 데만 사용한다. | AAD: 접촉피부염으로 단정하지 않고 노출 메모의 항목을 정한다. | MedlinePlus: 사진을 진단 도구로 쓰지 않고 상담용 관찰 기록으로 한정한다.","발진의 시작 시각·부위·모양, 새 약·식품·화장품·세제 노출, 입술·혀 붓기·호흡 변화·발열을 칸으로 나눈 가려움 안전 메모.","가려움은 흔하지만 모든 가려움을 같은 보습 단계로 시작할 수는 없습니다. 이 글은 피부 질환을 맞히는 대신 사진·노출·전신 신호를 분리한 안전 메모를 만듭니다.","가려움이 시작된 장면을 적기 | 사진에는 무엇을 남기고 무엇을 빼나 | 새 약·식품·세제 노출을 되짚기 | 호흡·얼굴 부종·발열이 더해질 때 | 사진과 메모를 들고 도움받는 순서","사진이 없으면 가려움 메모가 쓸모 있나요? | 새 화장품을 중단할지 이 글이 정해 주나요? | 입술이 붓거나 숨이 차면 피부과 예약을 기다려도 되나요?","발진의 시작 시각·부위·모양, 새 약·식품·화장품·세제 노출, 입술·혀 붓기·호흡 변화·발열을 칸으로 나눈 가려움 안전 메모."
"a021","done","99","output/wonon/batch-30/drafts/a021-colorectal-family-history-card.mdx","output/wonon/batch-30/research/a021-colorectal-family-history-card.json","output/wonon/batch-30/qa/a021.json","대장암 검진 안내를 받았을 때: 가족력을 ‘누가·몇 살·무슨 암’으로 적는 법","colorectal-family-history-card","대장암 검진 안내를 받았을 때: 가족력을 ‘누가·몇 살·무슨 암’으로 적는 법 중년 여성 건강","암 검진","암 검진","false","암 검진","대장암 검진 안내를 받았지만 가족력의 내용을 정확히 모르는 독자","부모·형제자매·자녀의 관계, 암 종류, 진단 나이, 확인 출처, 모르는 칸을 분리한 가족력 확인 카드.","대장암 검진 안내를 받았을 때: 가족력을 ‘누가·몇 살·무슨 암’으로 적는 법","부모·형제자매·자녀의 관계, 암 종류, 진단 나이, 확인 출처, 모르는 칸을 분리한 가족력 확인 카드.","안내문 목적 → 관계 지도 → 진단 정보 → 모르는 정보 처리 → 상담 질문","대장암 검진 안내를 받았지만 가족의 암 이야기를 막연하게만 알고 있어 상담 전 사실을 정리하려는 독자.","부모·형제자매·자녀의 관계, 암 종류, 진단 나이, 확인 출처, 모르는 칸을 분리한 가족력 확인 카드.","안내문 목적 → 관계 지도 → 진단 정보 → 모르는 정보 처리 → 상담 질문","대장암 검진 안내를 받았지만 가족의 암 이야기를 막연하게만 알고 있어 상담 전 사실을 정리하려는 독자.","a022의 양성 결과 예약 연결과 달리 검진 전 가족력 사실 확인이 산출물이다. 개인 검진 시작 나이와 유전자 검사는 답하지 않는다.","가족에게 전화하기 전, 카드의 ‘관계·암 종류·진단 나이’ 세 칸만 먼저 준비하세요.","","부모·형제자매·자녀의 관계, 암 종류, 진단 나이, 확인 출처, 모르는 칸을 분리한 가족력 확인 카드.","가족력이 있다고 들었다는 말만으로 검진 시기를 정할 수는 없습니다. 이 글은 검색으로 추정하지 않고, 누가 몇 살에 어떤 암을 진단받았는지 사실을 모으는 카드에 집중합니다.","a022의 양성 결과 예약 연결과 달리 검진 전 가족력 사실 확인이 산출물이다. 개인 검진 시작 나이와 유전자 검사는 답하지 않는다.","CDC: undefined | NCI: undefined | American Cancer Society: undefined","a022의 양성 결과 예약 연결과 달리 검진 전 가족력 사실 확인이 산출물이다. 개인 검진 시작 나이와 유전자 검사는 답하지 않는다.","a022의 양성 결과 예약 연결과 달리 검진 전 가족력 사실 확인이 산출물이다. 개인 검진 시작 나이와 유전자 검사는 답하지 않는다.","안내문 목적 → 관계 지도 → 진단 정보 → 모르는 정보 처리 → 상담 질문","a022의 양성 결과 예약 연결과 달리 검진 전 가족력 사실 확인이 산출물이다. 개인 검진 시작 나이와 유전자 검사는 답하지 않는다.","부모·형제자매·자녀의 관계, 암 종류, 진단 나이, 확인 출처, 모르는 칸을 분리한 가족력 확인 카드.","부모·형제자매·자녀의 관계, 암 종류, 진단 나이, 확인 출처, 모르는 칸을 분리한 가족력 확인 카드.","CDC: 개인 위험도나 검진 일정 계산에는 사용하지 않는다. | NCI: 검진 방법·시기를 독자에게 처방하지 않는다. | American Cancer Society: 유전성 암 증후군을 판단하지 않는 사실 수집의 근거로만 사용한다.","부모·형제자매·자녀의 관계, 암 종류, 진단 나이, 확인 출처, 모르는 칸을 분리한 가족력 확인 카드.","가족력이 있다고 들었다는 말만으로 검진 시기를 정할 수는 없습니다. 이 글은 검색으로 추정하지 않고, 누가 몇 살에 어떤 암을 진단받았는지 사실을 모으는 카드에 집중합니다.","검진 안내문과 가족력 카드를 분리하기 | 가족 관계를 가까운 순서로 적기 | 암 종류와 진단 나이를 확인하기 | 모르는 사실을 빈칸으로 남기는 법 | 카드로 의료진에게 물을 질문","가족에게 정확한 암 종류를 묻기 어려우면 어떻게 하나요? | 친척의 용종 정보도 적어야 하나요? | 이 카드로 내 검진 시작 나이를 정할 수 있나요?","부모·형제자매·자녀의 관계, 암 종류, 진단 나이, 확인 출처, 모르는 칸을 분리한 가족력 확인 카드."
"a022","done","99","output/wonon/batch-30/drafts/a022-positive-stool-test-followup.mdx","output/wonon/batch-30/research/a022-positive-stool-test-followup.json","output/wonon/batch-30/qa/a022.json","대변검사 양성 뒤: 결과 문자와 다음 예약을 연결하는 체크리스트","positive-stool-test-followup","대변검사 양성 뒤: 결과 문자와 다음 예약을 연결하는 체크리스트 중년 여성 건강","암 검진","암 검진","false","암 검진","대변검사 양성 문자를 받고 불안하지만 다음 단계를 모르는 독자","결과 문자 날짜·검사 이름·안내문 링크·예약 기관·예약일·새 증상·질문을 연결한 결과-예약 체크리스트.","대변검사 양성 뒤: 결과 문자와 다음 예약을 연결하는 체크리스트","결과 문자 날짜·검사 이름·안내문 링크·예약 기관·예약일·새 증상·질문을 연결한 결과-예약 체크리스트.","문자 보존 → 결과 의미의 한계 → 예약 확인 → 증상 분리 → 질문 목록","대변검사 양성 문자를 받아 암 확진으로 오해하지 않으면서 후속 예약을 놓치지 않으려는 독자.","결과 문자 날짜·검사 이름·안내문 링크·예약 기관·예약일·새 증상·질문을 연결한 결과-예약 체크리스트.","문자 보존 → 결과 의미의 한계 → 예약 확인 → 증상 분리 → 질문 목록","대변검사 양성 문자를 받아 암 확진으로 오해하지 않으면서 후속 예약을 놓치지 않으려는 독자.","a021의 가족력 카드와 달리 이미 받은 양성 결과 뒤 예약 연결이 핵심이다. 암 여부와 대장내시경 결과 예측은 답하지 않는다.","결과 문자를 캡처하고, 오늘 안에 예약 기관·날짜·새 증상 칸만 체크리스트에 채우세요.","","결과 문자 날짜·검사 이름·안내문 링크·예약 기관·예약일·새 증상·질문을 연결한 결과-예약 체크리스트.","양성 문자는 결론이 아니라 후속 확인이 필요하다는 신호입니다. 이 글은 검사 결과를 해석하지 않고, 문자와 다음 예약 사이에 빠진 행동이 없는지 확인하는 목록을 만듭니다.","a021의 가족력 카드와 달리 이미 받은 양성 결과 뒤 예약 연결이 핵심이다. 암 여부와 대장내시경 결과 예측은 답하지 않는다.","CDC: undefined | NCI: undefined | NHS: undefined","a021의 가족력 카드와 달리 이미 받은 양성 결과 뒤 예약 연결이 핵심이다. 암 여부와 대장내시경 결과 예측은 답하지 않는다.","a021의 가족력 카드와 달리 이미 받은 양성 결과 뒤 예약 연결이 핵심이다. 암 여부와 대장내시경 결과 예측은 답하지 않는다.","문자 보존 → 결과 의미의 한계 → 예약 확인 → 증상 분리 → 질문 목록","a021의 가족력 카드와 달리 이미 받은 양성 결과 뒤 예약 연결이 핵심이다. 암 여부와 대장내시경 결과 예측은 답하지 않는다.","결과 문자 날짜·검사 이름·안내문 링크·예약 기관·예약일·새 증상·질문을 연결한 결과-예약 체크리스트.","결과 문자 날짜·검사 이름·안내문 링크·예약 기관·예약일·새 증상·질문을 연결한 결과-예약 체크리스트.","CDC: 개별 결과를 해석하지 않고 후속 확인의 필요만 설명한다. | NCI: 대장내시경 결과나 암 가능성을 예측하지 않는다. | NHS: 국가별 프로그램 차이는 인정하고 체크리스트 구조에만 사용한다.","결과 문자 날짜·검사 이름·안내문 링크·예약 기관·예약일·새 증상·질문을 연결한 결과-예약 체크리스트.","양성 문자는 결론이 아니라 후속 확인이 필요하다는 신호입니다. 이 글은 검사 결과를 해석하지 않고, 문자와 다음 예약 사이에 빠진 행동이 없는지 확인하는 목록을 만듭니다.","문자에서 보존할 정보 | 양성이 확진이 아닌 이유 | 예약이 잡혔는지 확인하는 순서 | 새 증상은 예약과 별도로 알리기 | 진료 전 질문 세 개","문자를 지워도 결과를 확인할 수 있나요? | 양성이면 반드시 암인가요? | 예약일 전 증상이 생기면 기다려도 되나요?","결과 문자 날짜·검사 이름·안내문 링크·예약 기관·예약일·새 증상·질문을 연결한 결과-예약 체크리스트."
"a023","done","99","output/wonon/batch-30/drafts/a023-screening-new-bleeding-contact.mdx","output/wonon/batch-30/research/a023-screening-new-bleeding-contact.json","output/wonon/batch-30/qa/a023.json","검진일 전에 새 출혈이 생겼다면: ‘정기검진’과 ‘증상 진료’를 구분하는 연락 메모","screening-new-bleeding-contact","검진일 전에 새 출혈이 생겼다면: ‘정기검진’과 ‘증상 진료’를 구분하는 연락 메모 중년 여성 건강","여성 검진","여성 검진","false","여성 검진","검진 예약은 했지만 새 출혈이 있어 날짜까지 기다릴지 고민하는 독자","예약 기관·검진일, 출혈 시작 시점·양상·통증·임신 가능성 여부·복용약, 전화한 시각·받은 안내를 기록하는 예약 연락 메모.","검진일 전에 새 출혈이 생겼다면: ‘정기검진’과 ‘증상 진료’를 구분하는 연락 메모","예약 기관·검진일, 출혈 시작 시점·양상·통증·임신 가능성 여부·복용약, 전화한 시각·받은 안내를 기록하는 예약 연락 메모.","새 증상 확인 → 예약기관 연락 → 전달 사실 → 검진과 증상 진료 목적 분리 → 즉시 평가 신호","검진 예약을 기다리는 동안 새 출혈이 생겨, 예약을 그대로 가야 할지 기관에 먼저 알려야 할지 고민하는 독자.","예약 기관·검진일, 출혈 시작 시점·양상·통증·임신 가능성 여부·복용약, 전화한 시각·받은 안내를 기록하는 예약 연락 메모.","새 증상 확인 → 예약기관 연락 → 전달 사실 → 검진과 증상 진료 목적 분리 → 즉시 평가 신호","검진 예약을 기다리는 동안 새 출혈이 생겨, 예약을 그대로 가야 할지 기관에 먼저 알려야 할지 고민하는 독자.","b002의 폐경 후 출혈 증상 메모와 달리 ‘검진 전 예약기관 연락 절차’만 다룬다. 출혈 원인과 암 가능성은 답하지 않는다.","예약기관에 연락하기 전, 시작 시각·양상·통증·복용약·예약일 다섯 줄을 메모하세요.","","예약 기관·검진일, 출혈 시작 시점·양상·통증·임신 가능성 여부·복용약, 전화한 시각·받은 안내를 기록하는 예약 연락 메모.","정기검진 예약이 있어도 새 출혈은 별도의 증상 평가가 필요할 수 있습니다. 이 글은 출혈 원인을 추측하지 않고, 예약기관에 무엇을 어떻게 먼저 알릴지 정리합니다.","b002의 폐경 후 출혈 증상 메모와 달리 ‘검진 전 예약기관 연락 절차’만 다룬다. 출혈 원인과 암 가능성은 답하지 않는다.","ACOG: undefined | NHS: undefined | NCI: undefined","b002의 폐경 후 출혈 증상 메모와 달리 ‘검진 전 예약기관 연락 절차’만 다룬다. 출혈 원인과 암 가능성은 답하지 않는다.","b002의 폐경 후 출혈 증상 메모와 달리 ‘검진 전 예약기관 연락 절차’만 다룬다. 출혈 원인과 암 가능성은 답하지 않는다.","새 증상 확인 → 예약기관 연락 → 전달 사실 → 검진과 증상 진료 목적 분리 → 즉시 평가 신호","b002의 폐경 후 출혈 증상 메모와 달리 ‘검진 전 예약기관 연락 절차’만 다룬다. 출혈 원인과 암 가능성은 답하지 않는다.","예약 기관·검진일, 출혈 시작 시점·양상·통증·임신 가능성 여부·복용약, 전화한 시각·받은 안내를 기록하는 예약 연락 메모.","예약 기관·검진일, 출혈 시작 시점·양상·통증·임신 가능성 여부·복용약, 전화한 시각·받은 안내를 기록하는 예약 연락 메모.","ACOG: 원인 질환을 판정하지 않고 새 증상 연락의 필요를 설명한다. | NHS: 증상 기록 항목만 확인하며 검진 결과를 예측하지 않는다. | NCI: 특정 검진 방식의 적응증을 결정하지 않는다.","예약 기관·검진일, 출혈 시작 시점·양상·통증·임신 가능성 여부·복용약, 전화한 시각·받은 안내를 기록하는 예약 연락 메모.","정기검진 예약이 있어도 새 출혈은 별도의 증상 평가가 필요할 수 있습니다. 이 글은 출혈 원인을 추측하지 않고, 예약기관에 무엇을 어떻게 먼저 알릴지 정리합니다.","새 출혈을 검진 예약과 한 묶음으로 보지 않기 | 전화 전에 메모할 다섯 사실 | 예약기관에 목적을 분명히 말하는 문장 | 검진일과 증상 진료가 달라질 수 있는 이유 | 기다리지 말아야 할 출혈·통증 신호","검진 당일에 말하면 안 되나요? | 출혈량을 정확히 재야 하나요? | 폐경 후 출혈은 이 연락 메모만으로 충분한가요?","예약 기관·검진일, 출혈 시작 시점·양상·통증·임신 가능성 여부·복용약, 전화한 시각·받은 안내를 기록하는 예약 연락 메모."
"a024","done","99","output/wonon/batch-30/drafts/a024-breast-pain-change-card.mdx","output/wonon/batch-30/research/a024-breast-pain-change-card.json","output/wonon/batch-30/qa/a024.json","유방 통증이 있을 때: 검진 날짜와 별개로 바뀐 증상을 설명하는 카드","breast-pain-change-card","유방 통증이 있을 때: 검진 날짜와 별개로 바뀐 증상을 설명하는 카드 중년 여성 건강","유방 건강","유방 건강","false","유방 건강","유방 통증이 있지만 다음 검진만 기다리는 독자","통증 위치·시작·주기와의 관계·새 멍울·피부 변화·유두 분비물·팔 아래 변화 칸으로 구성된 유방 변화 설명 카드.","유방 통증이 있을 때: 검진 날짜와 별개로 바뀐 증상을 설명하는 카드","통증 위치·시작·주기와의 관계·새 멍울·피부 변화·유두 분비물·팔 아래 변화 칸으로 구성된 유방 변화 설명 카드.","통증 맥락 → 변화 카드 → 검진과 증상 분리 → 연락 시점 → 진료 메모","검진 예약이 잡혀 있지만 새 유방 통증·멍울·피부 변화가 생겨 증상을 분명히 전달하고 싶은 독자.","통증 위치·시작·주기와의 관계·새 멍울·피부 변화·유두 분비물·팔 아래 변화 칸으로 구성된 유방 변화 설명 카드.","통증 맥락 → 변화 카드 → 검진과 증상 분리 → 연락 시점 → 진료 메모","검진 예약이 잡혀 있지만 새 유방 통증·멍울·피부 변화가 생겨 증상을 분명히 전달하고 싶은 독자.","b019의 검진 예약 정보와 달리 새 유방 변화의 증상 설명이 핵심이다. 유방암 진단과 영상검사 선택은 답하지 않는다.","오늘은 통증의 원인을 찾지 말고, 위치·시작일·새 변화 유무만 카드에 표시해 연락할 준비를 하세요.","","통증 위치·시작·주기와의 관계·새 멍울·피부 변화·유두 분비물·팔 아래 변화 칸으로 구성된 유방 변화 설명 카드.","검진 예약은 새로운 증상이 생겼을 때 연락을 미뤄도 된다는 뜻이 아닙니다. 이 글은 유방암을 추정하지 않고, 바뀐 증상을 검진 날짜와 분리해 설명하는 카드입니다.","b019의 검진 예약 정보와 달리 새 유방 변화의 증상 설명이 핵심이다. 유방암 진단과 영상검사 선택은 답하지 않는다.","CDC: undefined | NCI: undefined | NHS: undefined","b019의 검진 예약 정보와 달리 새 유방 변화의 증상 설명이 핵심이다. 유방암 진단과 영상검사 선택은 답하지 않는다.","b019의 검진 예약 정보와 달리 새 유방 변화의 증상 설명이 핵심이다. 유방암 진단과 영상검사 선택은 답하지 않는다.","통증 맥락 → 변화 카드 → 검진과 증상 분리 → 연락 시점 → 진료 메모","b019의 검진 예약 정보와 달리 새 유방 변화의 증상 설명이 핵심이다. 유방암 진단과 영상검사 선택은 답하지 않는다.","통증 위치·시작·주기와의 관계·새 멍울·피부 변화·유두 분비물·팔 아래 변화 칸으로 구성된 유방 변화 설명 카드.","통증 위치·시작·주기와의 관계·새 멍울·피부 변화·유두 분비물·팔 아래 변화 칸으로 구성된 유방 변화 설명 카드.","CDC: 암을 진단하지 않고 카드의 관찰 항목만 정한다. | NCI: 개별 영상검사 선택을 안내하지 않는다. | NHS: 통증 원인을 판정하지 않는다.","통증 위치·시작·주기와의 관계·새 멍울·피부 변화·유두 분비물·팔 아래 변화 칸으로 구성된 유방 변화 설명 카드.","검진 예약은 새로운 증상이 생겼을 때 연락을 미뤄도 된다는 뜻이 아닙니다. 이 글은 유방암을 추정하지 않고, 바뀐 증상을 검진 날짜와 분리해 설명하는 카드입니다.","통증의 위치와 시작을 먼저 적기 | 멍울·피부·분비물을 다른 칸에 두기 | 정기검진과 증상 평가를 나누는 이유 | 예약기관에 연락할 때 말할 핵심 | 카드를 진료실에서 펼치는 순서","통증만 있으면 연락하지 않아도 되나요? | 검진 예약이 가까우면 새 증상을 기다려도 되나요? | 이 카드로 영상검사 종류를 고를 수 있나요?","통증 위치·시작·주기와의 관계·새 멍울·피부 변화·유두 분비물·팔 아래 변화 칸으로 구성된 유방 변화 설명 카드."
"a025","done","99","output/wonon/batch-30/drafts/a025-pelvic-pain-symptom-calendar.mdx","output/wonon/batch-30/research/a025-pelvic-pain-symptom-calendar.json","output/wonon/batch-30/qa/a025.json","반복되는 골반 통증: 배변·배뇨·출혈을 함께 적는 증상 달력","pelvic-pain-symptom-calendar","반복되는 골반 통증: 배변·배뇨·출혈을 함께 적는 증상 달력 중년 여성 건강","골반 건강","골반 건강","false","골반 건강","성관계와 무관한 골반 통증이 반복되는 독자","날짜별 통증 위치·강도·시간대, 배변·배뇨 변화, 출혈·발열·메스꺼움, 활동 제한을 같은 칸에 적는 골반 증상 달력.","반복되는 골반 통증: 배변·배뇨·출혈을 함께 적는 증상 달력","날짜별 통증 위치·강도·시간대, 배변·배뇨 변화, 출혈·발열·메스꺼움, 활동 제한을 같은 칸에 적는 골반 증상 달력.","달력 시작 → 배변·배뇨 레이어 → 출혈·발열 레이어 → 반복 패턴 → 상담 준비","골반 통증이 반복되는데 생리·배변·배뇨·출혈과의 관계를 진료에서 빠뜨리지 않고 말하고 싶은 독자.","날짜별 통증 위치·강도·시간대, 배변·배뇨 변화, 출혈·발열·메스꺼움, 활동 제한을 같은 칸에 적는 골반 증상 달력.","달력 시작 → 배변·배뇨 레이어 → 출혈·발열 레이어 → 반복 패턴 → 상담 준비","골반 통증이 반복되는데 생리·배변·배뇨·출혈과의 관계를 진료에서 빠뜨리지 않고 말하고 싶은 독자.","b002 출혈 메모 및 비뇨 증상 글과 달리 ‘반복 골반 통증’의 날짜별 동반 양상이 핵심이다. 통증 원인과 진통제·검사 선택은 답하지 않는다.","다음 통증 한 번부터 시각·배변·배뇨·출혈 네 칸만 같은 날짜에 표시하세요.","","날짜별 통증 위치·강도·시간대, 배변·배뇨 변화, 출혈·발열·메스꺼움, 활동 제한을 같은 칸에 적는 골반 증상 달력.","골반 통증은 한 번의 숫자로 설명하기 어렵고, 배변·배뇨·출혈과의 동반 양상이 단서가 될 수 있습니다. 이 글은 원인을 고르지 않고 증상 달력을 만드는 방법을 다룹니다.","b002 출혈 메모 및 비뇨 증상 글과 달리 ‘반복 골반 통증’의 날짜별 동반 양상이 핵심이다. 통증 원인과 진통제·검사 선택은 답하지 않는다.","NHS: undefined | ACOG: undefined | Mayo Clinic: undefined","b002 출혈 메모 및 비뇨 증상 글과 달리 ‘반복 골반 통증’의 날짜별 동반 양상이 핵심이다. 통증 원인과 진통제·검사 선택은 답하지 않는다.","b002 출혈 메모 및 비뇨 증상 글과 달리 ‘반복 골반 통증’의 날짜별 동반 양상이 핵심이다. 통증 원인과 진통제·검사 선택은 답하지 않는다.","달력 시작 → 배변·배뇨 레이어 → 출혈·발열 레이어 → 반복 패턴 → 상담 준비","b002 출혈 메모 및 비뇨 증상 글과 달리 ‘반복 골반 통증’의 날짜별 동반 양상이 핵심이다. 통증 원인과 진통제·검사 선택은 답하지 않는다.","날짜별 통증 위치·강도·시간대, 배변·배뇨 변화, 출혈·발열·메스꺼움, 활동 제한을 같은 칸에 적는 골반 증상 달력.","날짜별 통증 위치·강도·시간대, 배변·배뇨 변화, 출혈·발열·메스꺼움, 활동 제한을 같은 칸에 적는 골반 증상 달력.","NHS: 원인을 진단하지 않고 달력의 관찰 항목을 정한다. | ACOG: 만성 골반 통증을 진단하지 않고 진료 준비에만 사용한다. | Mayo Clinic: 응급 판단을 대신하지 않는 안전 경계로 사용한다.","날짜별 통증 위치·강도·시간대, 배변·배뇨 변화, 출혈·발열·메스꺼움, 활동 제한을 같은 칸에 적는 골반 증상 달력.","골반 통증은 한 번의 숫자로 설명하기 어렵고, 배변·배뇨·출혈과의 동반 양상이 단서가 될 수 있습니다. 이 글은 원인을 고르지 않고 증상 달력을 만드는 방법을 다룹니다.","통증을 날짜와 시간대에 올리기 | 배변·배뇨 칸을 따로 두기 | 출혈·발열·구토를 함께 표시하기 | 반복되는 장면과 갑작스러운 변화 구분하기 | 달력으로 진료 질문 만들기","생리 중 통증도 같은 달력에 적나요? | 배변과 배뇨는 얼마나 자세히 적어야 하나요? | 진통제를 바꾸기 전에 달력만 쓰면 되나요?","날짜별 통증 위치·강도·시간대, 배변·배뇨 변화, 출혈·발열·메스꺼움, 활동 제한을 같은 칸에 적는 골반 증상 달력."
"a026","done","99","output/wonon/batch-30/drafts/a026-sleepiness-safety-next-day.mdx","output/wonon/batch-30/research/a026-sleepiness-safety-next-day.json","output/wonon/batch-30/qa/a026.json","새벽에 깬 밤 다음 날: 졸음이 안전에 미치는 영향을 점검하는 운전·작업 카드","sleepiness-safety-next-day","새벽에 깬 밤 다음 날: 졸음이 안전에 미치는 영향을 점검하는 운전·작업 카드 중년 여성 건강","수면·안전","수면·안전","false","수면·안전","새벽 각성 뒤 낮에 졸리지만 운전이나 작업을 계속해야 하는 독자","운전 예정, 위험 작업, 졸음 신호, 대체 이동·휴식 가능 여부, 동료·가족에게 알릴 문장을 둔 다음 날 졸음 안전 카드.","새벽에 깬 밤 다음 날: 졸음이 안전에 미치는 영향을 점검하는 운전·작업 카드","운전 예정, 위험 작업, 졸음 신호, 대체 이동·휴식 가능 여부, 동료·가족에게 알릴 문장을 둔 다음 날 졸음 안전 카드.","밤 이후 상태 → 운전 위험 → 작업 위험 → 대체 계획 → 상담 신호","새벽에 깬 뒤 다음 날 졸려 운전·조리·기계 작업이 걱정되지만, 수면 기록과는 별개로 안전 행동을 정하고 싶은 독자.","운전 예정, 위험 작업, 졸음 신호, 대체 이동·휴식 가능 여부, 동료·가족에게 알릴 문장을 둔 다음 날 졸음 안전 카드.","밤 이후 상태 → 운전 위험 → 작업 위험 → 대체 계획 → 상담 신호","새벽에 깬 뒤 다음 날 졸려 운전·조리·기계 작업이 걱정되지만, 수면 기록과는 별개로 안전 행동을 정하고 싶은 독자.","b005의 각성 후 재입면 기록과 달리 이 글은 다음 날 졸음의 운전·작업 안전만 다룬다. 불면 치료와 수면제 선택은 답하지 않는다.","내일 아침에는 수면 시간 계산보다 운전·위험 작업·대체 계획 세 칸을 먼저 체크하세요.","","운전 예정, 위험 작업, 졸음 신호, 대체 이동·휴식 가능 여부, 동료·가족에게 알릴 문장을 둔 다음 날 졸음 안전 카드.","새벽 각성 뒤에는 잠을 다시 자는 방법보다, 다음 날 졸음이 안전을 흔들 수 있는 장면을 먼저 살피는 날도 있습니다. 이 글은 수면 일지가 아니라 운전·작업 결정을 위한 카드입니다.","b005의 각성 후 재입면 기록과 달리 이 글은 다음 날 졸음의 운전·작업 안전만 다룬다. 불면 치료와 수면제 선택은 답하지 않는다.","NHTSA: undefined | CDC: undefined | NHLBI: undefined","b005의 각성 후 재입면 기록과 달리 이 글은 다음 날 졸음의 운전·작업 안전만 다룬다. 불면 치료와 수면제 선택은 답하지 않는다.","b005의 각성 후 재입면 기록과 달리 이 글은 다음 날 졸음의 운전·작업 안전만 다룬다. 불면 치료와 수면제 선택은 답하지 않는다.","밤 이후 상태 → 운전 위험 → 작업 위험 → 대체 계획 → 상담 신호","b005의 각성 후 재입면 기록과 달리 이 글은 다음 날 졸음의 운전·작업 안전만 다룬다. 불면 치료와 수면제 선택은 답하지 않는다.","운전 예정, 위험 작업, 졸음 신호, 대체 이동·휴식 가능 여부, 동료·가족에게 알릴 문장을 둔 다음 날 졸음 안전 카드.","운전 예정, 위험 작업, 졸음 신호, 대체 이동·휴식 가능 여부, 동료·가족에게 알릴 문장을 둔 다음 날 졸음 안전 카드.","NHTSA: 개인의 운전 가능 여부를 보증하지 않고 안전 카드의 경계를 정한다. | CDC: 직업별 안전 규정을 해석하지 않고 위험 작업 인식에만 사용한다. | NHLBI: 수면장애를 진단하지 않고 상담용 사실을 정리한다.","운전 예정, 위험 작업, 졸음 신호, 대체 이동·휴식 가능 여부, 동료·가족에게 알릴 문장을 둔 다음 날 졸음 안전 카드.","새벽 각성 뒤에는 잠을 다시 자는 방법보다, 다음 날 졸음이 안전을 흔들 수 있는 장면을 먼저 살피는 날도 있습니다. 이 글은 수면 일지가 아니라 운전·작업 결정을 위한 카드입니다.","아침에 확인할 졸음 신호 | 운전 전에 묻는 세 가지 | 조리·사다리·기계 작업을 미루는 기준 | 대체 이동과 동료 알림 문장 | 졸음이 반복될 때 상담으로 가져갈 사실","커피를 마시면 운전해도 되나요? | 집안일도 위험 작업에 넣어야 하나요? | 새벽 각성 치료법은 이 카드에서 다루나요?","운전 예정, 위험 작업, 졸음 신호, 대체 이동·휴식 가능 여부, 동료·가족에게 알릴 문장을 둔 다음 날 졸음 안전 카드."
"a027","done","99","output/wonon/batch-30/drafts/a027-sleep-apnea-solo-observation.mdx","output/wonon/batch-30/research/a027-sleep-apnea-solo-observation.json","output/wonon/batch-30/qa/a027.json","코골이를 모를 때: 동침자 없이도 모을 수 있는 낮 증상 관찰 목록","sleep-apnea-solo-observation","코골이를 모를 때: 동침자 없이도 모을 수 있는 낮 증상 관찰 목록 중년 여성 건강","수면 호흡","수면 호흡","false","수면 호흡","혼자 자서 코골이는 모르지만 아침 두통과 낮 졸림이 반복되는 독자","아침 두통·입마름·상쾌하지 않음, 낮 졸림 장면, 밤에 깬 흔적, 수면 시간, 동침자 정보 없음 칸을 가진 혼자 하는 수면 호흡 관찰 목록.","코골이를 모를 때: 동침자 없이도 모을 수 있는 낮 증상 관찰 목록","아침 두통·입마름·상쾌하지 않음, 낮 졸림 장면, 밤에 깬 흔적, 수면 시간, 동침자 정보 없음 칸을 가진 혼자 하는 수면 호흡 관찰 목록.","혼자 자는 한계 → 낮 증상 수집 → 밤 흔적 수집 → 상담 자료 정리 → 검사 경계","혼자 자서 코골이·무호흡을 확인해 줄 사람이 없지만 낮 졸림과 아침 증상을 상담에 쓸 수 있게 모으고 싶은 독자.","아침 두통·입마름·상쾌하지 않음, 낮 졸림 장면, 밤에 깬 흔적, 수면 시간, 동침자 정보 없음 칸을 가진 혼자 하는 수면 호흡 관찰 목록.","혼자 자는 한계 → 낮 증상 수집 → 밤 흔적 수집 → 상담 자료 정리 → 검사 경계","혼자 자서 코골이·무호흡을 확인해 줄 사람이 없지만 낮 졸림과 아침 증상을 상담에 쓸 수 있게 모으고 싶은 독자.","기존 women-sleep-apnea-menopause-signs가 여성 수면무호흡의 개요라면, 이 글은 동침자 없는 독자의 관찰 자료 수집만 다룬다. 수면무호흡 진단과 CPAP 치료는 답하지 않는다.","이번 주에는 ‘졸렸던 장면’ 하나와 ‘아침 흔적’ 하나만 같은 목록에 적으세요.","","아침 두통·입마름·상쾌하지 않음, 낮 졸림 장면, 밤에 깬 흔적, 수면 시간, 동침자 정보 없음 칸을 가진 혼자 하는 수면 호흡 관찰 목록.","동침자가 없다고 수면 관련 상담을 준비할 수 없는 것은 아닙니다. 이 글은 여성 수면무호흡의 일반 설명을 반복하지 않고, 혼자 사는 사람이 모을 수 있는 낮 증상과 밤의 흔적을 목록으로 만듭니다.","기존 women-sleep-apnea-menopause-signs가 여성 수면무호흡의 개요라면, 이 글은 동침자 없는 독자의 관찰 자료 수집만 다룬다. 수면무호흡 진단과 CPAP 치료는 답하지 않는다.","NHLBI: undefined | NHLBI: undefined | NHS: undefined","기존 women-sleep-apnea-menopause-signs가 여성 수면무호흡의 개요라면, 이 글은 동침자 없는 독자의 관찰 자료 수집만 다룬다. 수면무호흡 진단과 CPAP 치료는 답하지 않는다.","기존 women-sleep-apnea-menopause-signs가 여성 수면무호흡의 개요라면, 이 글은 동침자 없는 독자의 관찰 자료 수집만 다룬다. 수면무호흡 진단과 CPAP 치료는 답하지 않는다.","혼자 자는 한계 → 낮 증상 수집 → 밤 흔적 수집 → 상담 자료 정리 → 검사 경계","기존 women-sleep-apnea-menopause-signs가 여성 수면무호흡의 개요라면, 이 글은 동침자 없는 독자의 관찰 자료 수집만 다룬다. 수면무호흡 진단과 CPAP 치료는 답하지 않는다.","아침 두통·입마름·상쾌하지 않음, 낮 졸림 장면, 밤에 깬 흔적, 수면 시간, 동침자 정보 없음 칸을 가진 혼자 하는 수면 호흡 관찰 목록.","아침 두통·입마름·상쾌하지 않음, 낮 졸림 장면, 밤에 깬 흔적, 수면 시간, 동침자 정보 없음 칸을 가진 혼자 하는 수면 호흡 관찰 목록.","NHLBI: 수면무호흡을 진단하지 않고 목록의 낮 증상 항목을 정한다. | NHLBI: 검사 필요 여부를 독자가 결정하지 않는다는 경계를 설명한다. | NHS: 코골이 유무만으로 진단하지 않는 안전한 관찰 범위에 사용한다.","아침 두통·입마름·상쾌하지 않음, 낮 졸림 장면, 밤에 깬 흔적, 수면 시간, 동침자 정보 없음 칸을 가진 혼자 하는 수면 호흡 관찰 목록.","동침자가 없다고 수면 관련 상담을 준비할 수 없는 것은 아닙니다. 이 글은 여성 수면무호흡의 일반 설명을 반복하지 않고, 혼자 사는 사람이 모을 수 있는 낮 증상과 밤의 흔적을 목록으로 만듭니다.","동침자 관찰이 없다는 사실도 정보로 적기 | 낮에 졸린 구체 장면 모으기 | 아침과 밤에 남은 흔적 적기 | 목록을 수면 상담 질문으로 바꾸기 | 검사와 치료를 스스로 결정하지 않는 이유","코골이를 몰라도 수면 상담을 받을 수 있나요? | 스마트워치 기록을 이 목록에 넣어도 되나요? | CPAP이 필요한지 목록으로 알 수 있나요?","아침 두통·입마름·상쾌하지 않음, 낮 졸림 장면, 밤에 깬 흔적, 수면 시간, 동침자 정보 없음 칸을 가진 혼자 하는 수면 호흡 관찰 목록."
"a028","done","99","output/wonon/batch-30/drafts/a028-night-waking-transfer-safety.mdx","output/wonon/batch-30/research/a028-night-waking-transfer-safety.json","output/wonon/batch-30/qa/a028.json","밤에 화장실을 갈 때 넘어질 뻔했다면: 야간뇨 원인 대신 ‘일어나는 순간’ 안전 점검","night-waking-transfer-safety","밤에 화장실을 갈 때 넘어질 뻔했다면: 야간뇨 원인 대신 ‘일어나는 순간’ 안전 점검 중년 여성 건강","야간 안전","야간 안전","false","야간 안전","야간뇨가 있을 때 침대에서 일어나는 첫 순간에 어지러운 독자","침대 옆 조명·휴대전화·안경·신발 위치, 누운 뒤 일어나기 전 숨 고르기, 앉은 뒤 어지럼, 도움 요청을 체크하는 침대 옆 기립 안전 점검표.","밤에 화장실을 갈 때 넘어질 뻔했다면: 야간뇨 원인 대신 ‘일어나는 순간’ 안전 점검","침대 옆 조명·휴대전화·안경·신발 위치, 누운 뒤 일어나기 전 숨 고르기, 앉은 뒤 어지럼, 도움 요청을 체크하는 침대 옆 기립 안전 점검표.","이동 전 전환 → 침대 옆 준비 → 앉은 뒤 확인 → 도움 요청 → 원인 논의 경계","밤에 일어나 침대에서 일어서는 첫 순간에 어지럽거나 넘어질 뻔했지만, 야간뇨 원인과 분리해 즉시 안전을 점검하려는 독자.","침대 옆 조명·휴대전화·안경·신발 위치, 누운 뒤 일어나기 전 숨 고르기, 앉은 뒤 어지럼, 도움 요청을 체크하는 침대 옆 기립 안전 점검표.","이동 전 전환 → 침대 옆 준비 → 앉은 뒤 확인 → 도움 요청 → 원인 논의 경계","밤에 일어나 침대에서 일어서는 첫 순간에 어지럽거나 넘어질 뻔했지만, 야간뇨 원인과 분리해 즉시 안전을 점검하려는 독자.","b014의 야간뇨 양·음료 일지와 b009의 계단 낙상 장면과 달리 침대에서 일어나는 ‘첫 순간’만 다룬다. 야간뇨 원인과 낙상 재활은 답하지 않는다.","오늘 밤에는 침대 옆에 필요한 물건 위치와, 앉은 뒤 확인할 신호 한 가지를 먼저 점검하세요.","","침대 옆 조명·휴대전화·안경·신발 위치, 누운 뒤 일어나기 전 숨 고르기, 앉은 뒤 어지럼, 도움 요청을 체크하는 침대 옆 기립 안전 점검표.","밤길 전체를 바꾸기 전에, 넘어질 뻔한 순간이 침대에서 몸을 일으킬 때였는지 살필 필요가 있습니다. 이 글은 야간뇨 일지나 낙상 재활이 아니라 ‘침대-기립’ 전환의 안전 점검표입니다.","b014의 야간뇨 양·음료 일지와 b009의 계단 낙상 장면과 달리 침대에서 일어나는 ‘첫 순간’만 다룬다. 야간뇨 원인과 낙상 재활은 답하지 않는다.","NIA: undefined | NHS: undefined | CDC: undefined","b014의 야간뇨 양·음료 일지와 b009의 계단 낙상 장면과 달리 침대에서 일어나는 ‘첫 순간’만 다룬다. 야간뇨 원인과 낙상 재활은 답하지 않는다.","b014의 야간뇨 양·음료 일지와 b009의 계단 낙상 장면과 달리 침대에서 일어나는 ‘첫 순간’만 다룬다. 야간뇨 원인과 낙상 재활은 답하지 않는다.","이동 전 전환 → 침대 옆 준비 → 앉은 뒤 확인 → 도움 요청 → 원인 논의 경계","b014의 야간뇨 양·음료 일지와 b009의 계단 낙상 장면과 달리 침대에서 일어나는 ‘첫 순간’만 다룬다. 야간뇨 원인과 낙상 재활은 답하지 않는다.","침대 옆 조명·휴대전화·안경·신발 위치, 누운 뒤 일어나기 전 숨 고르기, 앉은 뒤 어지럼, 도움 요청을 체크하는 침대 옆 기립 안전 점검표.","침대 옆 조명·휴대전화·안경·신발 위치, 누운 뒤 일어나기 전 숨 고르기, 앉은 뒤 어지럼, 도움 요청을 체크하는 침대 옆 기립 안전 점검표.","NIA: 개인 재활 계획이나 보조기 처방으로 확대하지 않는다. | NHS: 기립성 저혈압을 진단하지 않고 어지럼 확인의 안전 경계로 사용한다. | CDC: 낙상 위험도 평가를 대신하지 않고 점검표의 목적을 설명한다.","침대 옆 조명·휴대전화·안경·신발 위치, 누운 뒤 일어나기 전 숨 고르기, 앉은 뒤 어지럼, 도움 요청을 체크하는 침대 옆 기립 안전 점검표.","밤길 전체를 바꾸기 전에, 넘어질 뻔한 순간이 침대에서 몸을 일으킬 때였는지 살필 필요가 있습니다. 이 글은 야간뇨 일지나 낙상 재활이 아니라 ‘침대-기립’ 전환의 안전 점검표입니다.","누운 자세에서 일어나는 전환을 분리하기 | 손 닿는 곳에 둘 준비물 | 앉은 뒤 어지럼·시야 변화를 확인하기 | 혼자 움직이지 말아야 할 순간 | 야간뇨와 다른 원인 논의를 진료에 넘기기","밤에 일어난 뒤 얼마나 앉아 있어야 하나요? | 침대 옆 손잡이를 이 글만 보고 설치해도 되나요? | 야간뇨 양과 음료는 이 점검표에 적지 않나요?","침대 옆 조명·휴대전화·안경·신발 위치, 누운 뒤 일어나기 전 숨 고르기, 앉은 뒤 어지럼, 도움 요청을 체크하는 침대 옆 기립 안전 점검표."
"a029","done","99","output/wonon/batch-30/drafts/a029-alcohol-sleep-next-day-review.mdx","output/wonon/batch-30/research/a029-alcohol-sleep-next-day-review.json","output/wonon/batch-30/qa/a029.json","잠을 위해 마신 술이 걱정될 때: 양보다 다음 날 기능을 함께 보는 회고표","alcohol-sleep-next-day-review","잠을 위해 마신 술이 걱정될 때: 양보다 다음 날 기능을 함께 보는 회고표 중년 여성 건강","수면·음주","수면·음주","false","수면·음주","잠들기 위해 술을 마신 뒤 다음 날 피로와 불안이 반복되는 독자","마신 이유·시각·대략의 양, 잠든 뒤 각성, 아침 상태, 운전·일·돌봄 영향, 다음 날 선택을 연결한 음주-수면-기능 회고표.","잠을 위해 마신 술이 걱정될 때: 양보다 다음 날 기능을 함께 보는 회고표","마신 이유·시각·대략의 양, 잠든 뒤 각성, 아침 상태, 운전·일·돌봄 영향, 다음 날 선택을 연결한 음주-수면-기능 회고표.","마신 이유 → 밤의 변화 → 다음 날 기능 → 반복 패턴 → 상담 경계","잠들기 위해 술을 마신 뒤 밤에 깨거나 다음 날 기능이 달라져, 양만 줄일지보다 패턴을 상담용으로 돌아보고 싶은 독자.","마신 이유·시각·대략의 양, 잠든 뒤 각성, 아침 상태, 운전·일·돌봄 영향, 다음 날 선택을 연결한 음주-수면-기능 회고표.","마신 이유 → 밤의 변화 → 다음 날 기능 → 반복 패턴 → 상담 경계","잠들기 위해 술을 마신 뒤 밤에 깨거나 다음 날 기능이 달라져, 양만 줄일지보다 패턴을 상담용으로 돌아보고 싶은 독자.","수면 위생·불면 기록과 달리 이 글은 음주 후 ‘다음 날 기능’ 회고가 핵심이다. 음주장애 진단과 금주 치료 계획은 답하지 않는다.","다음 음주 뒤에는 양을 평가하기 전에 마신 시각·밤의 각성·다음 날 기능 세 칸을 같은 줄에 적으세요.","","마신 이유·시각·대략의 양, 잠든 뒤 각성, 아침 상태, 운전·일·돌봄 영향, 다음 날 선택을 연결한 음주-수면-기능 회고표.","잠을 위해 마신 술을 양만으로 평가하면, 밤과 다음 날에 생긴 변화를 놓칠 수 있습니다. 이 글은 금주 계획을 처방하지 않고 음주·각성·기능을 같은 줄에 놓는 회고표입니다.","수면 위생·불면 기록과 달리 이 글은 음주 후 ‘다음 날 기능’ 회고가 핵심이다. 음주장애 진단과 금주 치료 계획은 답하지 않는다.","NIAAA: undefined | CDC: undefined | NIAAA: undefined","수면 위생·불면 기록과 달리 이 글은 음주 후 ‘다음 날 기능’ 회고가 핵심이다. 음주장애 진단과 금주 치료 계획은 답하지 않는다.","수면 위생·불면 기록과 달리 이 글은 음주 후 ‘다음 날 기능’ 회고가 핵심이다. 음주장애 진단과 금주 치료 계획은 답하지 않는다.","마신 이유 → 밤의 변화 → 다음 날 기능 → 반복 패턴 → 상담 경계","수면 위생·불면 기록과 달리 이 글은 음주 후 ‘다음 날 기능’ 회고가 핵심이다. 음주장애 진단과 금주 치료 계획은 답하지 않는다.","마신 이유·시각·대략의 양, 잠든 뒤 각성, 아침 상태, 운전·일·돌봄 영향, 다음 날 선택을 연결한 음주-수면-기능 회고표.","마신 이유·시각·대략의 양, 잠든 뒤 각성, 아침 상태, 운전·일·돌봄 영향, 다음 날 선택을 연결한 음주-수면-기능 회고표.","NIAAA: 개인별 음주 허용량이나 치료 계획을 제시하지 않고, 회고표에 밤의 각성과 다음 날 기능을 함께 적는 이유만 설명한다. | CDC: 음주장애를 진단하지 않고 기능 기록의 맥락으로만 쓴다. | NIAAA: 치료 방식을 선택하지 않고 상담 경계만 안내한다.","마신 이유·시각·대략의 양, 잠든 뒤 각성, 아침 상태, 운전·일·돌봄 영향, 다음 날 선택을 연결한 음주-수면-기능 회고표.","잠을 위해 마신 술을 양만으로 평가하면, 밤과 다음 날에 생긴 변화를 놓칠 수 있습니다. 이 글은 금주 계획을 처방하지 않고 음주·각성·기능을 같은 줄에 놓는 회고표입니다.","그날 술을 마신 이유부터 적기 | 시각과 밤의 각성을 연결하기 | 다음 날 운전·일·돌봄 변화를 보기 | 반복되는 선택과 불편을 돌아보기 | 도움을 요청할 때 말할 사실","한 잔만 마셔도 기록해야 하나요? | 술이 잠들게 해주면 계속 마셔도 되나요? | 금주 치료가 필요한지 회고표가 알려주나요?","마신 이유·시각·대략의 양, 잠든 뒤 각성, 아침 상태, 운전·일·돌봄 영향, 다음 날 선택을 연결한 음주-수면-기능 회고표."
"a030","done","99","output/wonon/batch-30/drafts/a030-palpitations-avoidance-loop.mdx","output/wonon/batch-30/research/a030-palpitations-avoidance-loop.json","output/wonon/batch-30/qa/a030.json","두근거림 뒤 외출을 피하게 될 때: 응급 신호가 없을 때의 불안-회피 고리 기록","palpitations-avoidance-loop","두근거림 뒤 외출을 피하게 될 때: 응급 신호가 없을 때의 불안-회피 고리 기록 중년 여성 건강","마음·신체 증상","마음·신체 증상","false","마음·신체 증상","두근거림 뒤 응급 신호는 없었지만 외출과 활동을 피하게 된 독자","두근거림 장면, 떠오른 걱정, 피한 행동, 즉시 편해진 점, 나중의 생활 손실, 상담에 물을 말을 화살표로 잇는 불안-회피 고리 기록.","두근거림 뒤 외출을 피하게 될 때: 응급 신호가 없을 때의 불안-회피 고리 기록","두근거림 장면, 떠오른 걱정, 피한 행동, 즉시 편해진 점, 나중의 생활 손실, 상담에 물을 말을 화살표로 잇는 불안-회피 고리 기록.","사건 이후 → 회피 장면 → 단기 안도와 장기 기능 → 상담 언어 → 응급 신호 재분리","응급 평가가 필요한 신호는 없었지만 두근거림 경험 뒤 외출·운동·대중교통을 피하게 되어 일상이 좁아진 독자.","두근거림 장면, 떠오른 걱정, 피한 행동, 즉시 편해진 점, 나중의 생활 손실, 상담에 물을 말을 화살표로 잇는 불안-회피 고리 기록.","사건 이후 → 회피 장면 → 단기 안도와 장기 기능 → 상담 언어 → 응급 신호 재분리","응급 평가가 필요한 신호는 없었지만 두근거림 경험 뒤 외출·운동·대중교통을 피하게 되어 일상이 좁아진 독자.","b003의 두근거림 증상 분리 기록과 a002의 가슴 압박감 응급 행동 카드와 달리, 이 글은 응급 신호가 없는 뒤 넓어진 불안-회피와 생활 기능만 다룬다. 심장질환 감별과 노출 치료 계획은 답하지 않는다.","오늘은 피한 행동 하나와 그로 인해 미뤄진 일 하나를 화살표로 잇고, 응급 신호가 새로 생기면 즉시 도움을 받으세요.","","두근거림 장면, 떠오른 걱정, 피한 행동, 즉시 편해진 점, 나중의 생활 손실, 상담에 물을 말을 화살표로 잇는 불안-회피 고리 기록.","두근거림 뒤 외출을 피하게 되면 몸의 신호보다 ‘피하게 된 생활’이 더 커질 수 있습니다. 이 글은 가슴 압박감 응급 카드와 분리해, 이미 응급 신호가 없다고 평가된 뒤의 불안-회피 고리를 기록합니다.","b003의 두근거림 증상 분리 기록과 a002의 가슴 압박감 응급 행동 카드와 달리, 이 글은 응급 신호가 없는 뒤 넓어진 불안-회피와 생활 기능만 다룬다. 심장질환 감별과 노출 치료 계획은 답하지 않는다.","NIMH: undefined | NHS: undefined | NHLBI: undefined","b003의 두근거림 증상 분리 기록과 a002의 가슴 압박감 응급 행동 카드와 달리, 이 글은 응급 신호가 없는 뒤 넓어진 불안-회피와 생활 기능만 다룬다. 심장질환 감별과 노출 치료 계획은 답하지 않는다.","b003의 두근거림 증상 분리 기록과 a002의 가슴 압박감 응급 행동 카드와 달리, 이 글은 응급 신호가 없는 뒤 넓어진 불안-회피와 생활 기능만 다룬다. 심장질환 감별과 노출 치료 계획은 답하지 않는다.","사건 이후 → 회피 장면 → 단기 안도와 장기 기능 → 상담 언어 → 응급 신호 재분리","b003의 두근거림 증상 분리 기록과 a002의 가슴 압박감 응급 행동 카드와 달리, 이 글은 응급 신호가 없는 뒤 넓어진 불안-회피와 생활 기능만 다룬다. 심장질환 감별과 노출 치료 계획은 답하지 않는다.","두근거림 장면, 떠오른 걱정, 피한 행동, 즉시 편해진 점, 나중의 생활 손실, 상담에 물을 말을 화살표로 잇는 불안-회피 고리 기록.","두근거림 장면, 떠오른 걱정, 피한 행동, 즉시 편해진 점, 나중의 생활 손실, 상담에 물을 말을 화살표로 잇는 불안-회피 고리 기록.","NIMH: 공황장애를 진단하지 않고 상담용 회피 기록의 개념에만 사용한다. | NHS: 정신건강 진단이나 치료 방식을 선택하지 않고, 상담에서 회피·기능 영향을 말하는 경계로만 사용한다. | NHLBI: 심장질환을 감별하지 않고 회피 기록과 응급 신호를 분리하는 데만 사용한다.","두근거림 장면, 떠오른 걱정, 피한 행동, 즉시 편해진 점, 나중의 생활 손실, 상담에 물을 말을 화살표로 잇는 불안-회피 고리 기록.","두근거림 뒤 외출을 피하게 되면 몸의 신호보다 ‘피하게 된 생활’이 더 커질 수 있습니다. 이 글은 가슴 압박감 응급 카드와 분리해, 이미 응급 신호가 없다고 평가된 뒤의 불안-회피 고리를 기록합니다.","두근거림 뒤 무엇이 달라졌는지 적기 | 피한 장소·행동을 구체화하기 | 피하자마자 편해진 점과 잃은 기능 함께 보기 | 상담에서 말할 고리의 한 문장 | 흉통·호흡곤란·실신감은 다시 분리하기","두근거림이 한 번뿐이어도 회피 기록이 필요한가요? | 응급 신호가 없었다는 것은 누가 판단해야 하나요? | 외출을 억지로 늘리는 계획을 이 글에서 정하나요?","두근거림 장면, 떠오른 걱정, 피한 행동, 즉시 편해진 점, 나중의 생활 손실, 상담에 물을 말을 화살표로 잇는 불안-회피 고리 기록."
